time,roll,pitch,com_z
0.001104593276977539,0.0008675437898528204,-0.0008675437898528204,-0.06495662281050736
0.008887529373168945,0.006979342335983046,-0.006979342335983046,-0.06465103288320084
0.01602935791015625,0.012584108017391488,-0.012584108017391488,-0.06437079459913042
0.023434162139892578,0.018388526452908782,-0.018388526452908782,-0.06408057367735456
0.03096461296081543,0.02428121211430323,-0.02428121211430323,-0.06378593939428484
0.0381312370300293,0.029876627198976713,-0.029876627198976713,-0.06350616864005117
0.04563188552856445,0.035716568912191396,-0.035716568912191396,-0.06321417155439044
0.05567431449890137,0.04350389742185781,-0.04350389742185781,-0.06282480512890712
0.06332230567932129,0.0494058448392351,-0.0494058448392351,-0.06252970775803825
0.07599210739135742,0.059118726247782416,-0.059118726247782416,-0.06204406368761089
0.08319568634033203,0.06460033121400227,-0.06460033121400227,-0.061769983439299896
0.0908055305480957,0.07035509405101892,-0.07035509405101892,-0.061482245297449056
0.09816956520080566,0.07588572081778322,-0.07588572081778322,-0.06120571395911084
0.10605812072753906,0.08176514620792011,-0.08176514620792011,-0.060911742689604
0.11541318893432617,0.08867220467653071,-0.08867220467653071,-0.06056638976617346
0.1232750415802002,0.09441780669545305,-0.09441780669545305,-0.06027910966522735
0.13066768646240234,0.09976802414835492,-0.09976802414835492,-0.060011598792582256
0.13765430450439453,0.10477498038424439,-0.10477498038424439,-0.05976125098078778
0.1450939178466797,0.11005102879775235,-0.11005102879775235,-0.05949744856011238
0.15284109115600586,0.11548125871277085,-0.11548125871277085,-0.05922593706436146
0.16051888465881348,0.12079538053498602,-0.12079538053498602,-0.058960230973250705
0.16791844367980957,0.12585045836727024,-0.12585045836727024,-0.05870747708163649
0.17499470710754395,0.13062109671187982,-0.13062109671187982,-0.05846894516440601
0.18250560760498047,0.1356140840869946,-0.1356140840869946,-0.05821929579565027
0.18961095809936523,0.14026802279039985,-0.14026802279039985,-0.057986598860480014
0.19928717613220215,0.14649301637507056,-0.14649301637507056,-0.05767534918124648
0.2068016529083252,0.1512342115879721,-0.1512342115879721,-0.0574382894206014
0.21678376197814941,0.1574015584649234,-0.1574015584649234,-0.05712992207675383
0.2267296314239502,0.16339258302721954,-0.16339258302721954,-0.05683037084863902
0.23479413986206055,0.1681335080355894,-0.1681335080355894,-0.05659332459822053
0.2433609962463379,0.17305147406633886,-0.17305147406633886,-0.05634742629668305
0.25163984298706055,0.17768504923211262,-0.17768504923211262,-0.05611574753839437
0.26062703132629395,0.18257892145106142,-0.18257892145106142,-0.05587105392744693
0.2685062885284424,0.18674988203438858,-0.18674988203438858,-0.05566250589828057
0.2769958972930908,0.19111580558684416,-0.19111580558684416,-0.0554442097206578
0.2851686477661133,0.19519039136599456,-0.19519039136599456,-0.055240480431700274
0.29319024085998535,0.19906451177854445,-0.19906451177854445,-0.05504677441107278
0.3020510673522949,0.20319690916249938,-0.20319690916249938,-0.054840154541875026
0.310516357421875,0.2069978221742081,-0.2069978221742081,-0.0546501088912896
0.3181638717651367,0.21030576249649977,-0.21030576249649977,-0.054484711875175014
0.3261127471923828,0.21361537509956835,-0.21361537509956835,-0.05431923124502158
0.3336315155029297,0.21662335179751746,-0.21662335179751746,-0.05416883241012413
0.3408548831939697,0.21939934035711955,-0.21939934035711955,-0.05403003298214403
0.34897351264953613,0.2223844657224626,-0.2223844657224626,-0.05388077671387687
0.3563201427459717,0.2249611073295832,-0.2249611073295832,-0.05375194463352084
0.36489391326904297,0.22781651899552197,-0.22781651899552197,-0.05360917405022391
0.37181806564331055,0.2300020005270228,-0.2300020005270228,-0.053499899973648866
0.38053250312805176,0.23259775575832128,-0.23259775575832128,-0.05337011221208394
0.3877739906311035,0.23462222861208984,-0.23462222861208984,-0.05326888856939551
0.39510440826416016,0.23654788887802597,-0.23654788887802597,-0.05317260555609871
0.4025287628173828,0.23837035392871256,-0.23837035392871256,-0.053081482303564374
0.41086721420288086,0.2402625534051274,-0.2402625534051274,-0.05298687232974363
0.4181220531463623,0.2417747765705934,-0.2417747765705934,-0.05291126117147033
0.4265768527984619,0.2433786082399539,-0.2433786082399539,-0.052831069588002315
0.4348142147064209,0.24477607116417688,-0.24477607116417688,-0.05276119644179116
0.4431171417236328,0.24601877687632862,-0.24601877687632862,-0.052699061156183565
0.45031023025512695,0.24696008379556295,-0.24696008379556295,-0.05265199581022185
0.4585597515106201,0.24788436390329044,-0.24788436390329044,-0.05260578180483549
0.4654717445373535,0.2485306233182573,-0.2485306233182573,-0.05257346883408714
0.4728119373321533,0.24908861425133558,-0.24908861425133558,-0.05254556928743322
0.4807004928588867,0.24954062310586542,-0.24954062310586542,-0.05252296884470673
0.48816895484924316,0.24982733433573745,-0.24982733433573745,-0.052508633283213126
0.49751710891723633,0.24999239458540384,-0.24999239458540384,-0.05250038027072981
0.5056109428405762,0.2499611608066038,-0.2499611608066038,-0.05250194195966981
0.512657880783081,0.24980236014367607,-0.24980236014367607,-0.0525098819928162
0.5196311473846436,0.2495247047592975,-0.2495247047592975,-0.05252376476203513
0.5262305736541748,0.24915164122257533,-0.24915164122257533,-0.05254241793887124
0.5332443714141846,0.2486377675905893,-0.2486377675905893,-0.05256811162047054
0.5400805473327637,0.2480207385908933,-0.2480207385908933,-0.052598963070455335
0.5476288795471191,0.24720655553721868,-0.24720655553721868,-0.05263967222313907
0.555457592010498,0.24621528715129445,-0.24621528715129445,-0.05268923564243528
0.562157392501831,0.24524867360916872,-0.24524867360916872,-0.052737566319541566
0.5690517425537109,0.2441405719132278,-0.2441405719132278,-0.05279297140433861
0.5766479969024658,0.24278706722324184,-0.24278706722324184,-0.05286064663883791
0.5835714340209961,0.24143298886306438,-0.24143298886306438,-0.05292835055684678
0.5905208587646484,0.23995896995945537,-0.23995896995945537,-0.05300205150202724
0.5977993011474609,0.23829255501735203,-0.23829255501735203,-0.0530853722491324
0.604762077331543,0.23658180214325197,-0.23658180214325197,-0.053170909892837404
0.6114230155944824,0.2348392580243832,-0.2348392580243832,-0.053258037098780846
0.617995023727417,0.23301919398694415,-0.23301919398694415,-0.053349040300652795
0.6250007152557373,0.23096966815078607,-0.23096966815078607,-0.053451516592460696
0.6332790851593018,0.22840369068455588,-0.22840369068455588,-0.05357981546577221
0.6401376724243164,0.22616070343780742,-0.22616070343780742,-0.053691964828109624
0.6472504138946533,0.2237237099503754,-0.2237237099503754,-0.05381381450248123
0.6549372673034668,0.22096445820088967,-0.22096445820088967,-0.05395177708995552
0.6621429920196533,0.21826087072452455,-0.21826087072452455,-0.05408695646377377
0.6691174507141113,0.21553752256918676,-0.21553752256918676,-0.054223123871540664
0.6761572360992432,0.21268373913417654,-0.21268373913417654,-0.05436581304329118
0.6843061447143555,0.20925053512911934,-0.20925053512911934,-0.05453747324354403
0.6908745765686035,0.20638327367186918,-0.20638327367186918,-0.05468083631640654
0.6991662979125977,0.20263842920782454,-0.20263842920782454,-0.05486807853960878
0.707852840423584,0.19856784233785882,-0.19856784233785882,-0.05507160788310706
0.7164864540100098,0.19437553240550534,-0.19437553240550534,-0.055281223379724735
0.7230360507965088,0.19109962865006894,-0.19109962865006894,-0.055445018567496555
0.7298154830932617,0.18762357270791036,-0.18762357270791036,-0.05561882136460449
0.7366065979003906,0.18405620208893927,-0.18405620208893927,-0.05579718989555304
0.7439346313476562,0.1801128648761939,-0.1801128648761939,-0.05599435675619031
0.751457929611206,0.17596516755826408,-0.17596516755826408,-0.0562017416220868
0.7585232257843018,0.17198043011633288,-0.17198043011633288,-0.05640097849418336
0.7669930458068848,0.16709206774321306,-0.16709206774321306,-0.05664539661283935
0.7739145755767822,0.16300930561432758,-0.16300930561432758,-0.05684953471928362
0.7811446189880371,0.15866229137262405,-0.15866229137262405,-0.05706688543136879
0.7880206108093262,0.15445217475398476,-0.15445217475398476,-0.05727739126230077
0.7950634956359863,0.1500651735864704,-0.1500651735864704,-0.05749674132067648
0.8024148941040039,0.1454076741116756,-0.1454076741116756,-0.057729616294416225
0.809624195098877,0.14076486466217286,-0.14076486466217286,-0.05796175676689136
0.816582441329956,0.1362152324008674,-0.1362152324008674,-0.05818923837995663
0.8236570358276367,0.13152280802959831,-0.13152280802959831,-0.05842385959852009
0.8306646347045898,0.12681076703597569,-0.12681076703597569,-0.05865946164820122
0.8372282981872559,0.12234145135520069,-0.12234145135520069,-0.05888292743223997
0.8444178104400635,0.1173863600465689,-0.1173863600465689,-0.059130681997671554
0.8513820171356201,0.11252942969621371,-0.11252942969621371,-0.05937352851518932
0.8581991195678711,0.10772290727042916,-0.10772290727042916,-0.05961385463647855
0.8657853603363037,0.10231610480132568,-0.10231610480132568,-0.05988419475993372
0.8727679252624512,0.09728811575693982,-0.09728811575693982,-0.06013559421215301
0.8796346187591553,0.09229789521208454,-0.09229789521208454,-0.060385105239395775
0.8869037628173828,0.08696845181800042,-0.08696845181800042,-0.06065157740909998
0.8943819999694824,0.0814384088489966,-0.0814384088489966,-0.06092807955755017
0.9020037651062012,0.07575599934054003,-0.07575599934054003,-0.061212200032973
0.9087984561920166,0.07065349728282946,-0.07065349728282946,-0.06146732513585853
0.9164321422576904,0.06488266244349519,-0.06488266244349519,-0.06175586687782524
0.9246833324432373,0.05860315028090188,-0.05860315028090188,-0.06206984248595491
0.9318437576293945,0.05312169407693634,-0.05312169407693634,-0.062343915296153185
0.9393606185913086,0.047338508000269314,-0.047338508000269314,-0.06263307459998654
0.9468023777008057,0.04158708833913616,-0.04158708833913616,-0.0629206455830432
0.954164981842041,0.035874465061572006,-0.035874465061572006,-0.0632062767469214
0.9620587825775146,0.02972845038183604,-0.02972845038183604,-0.0635135774809082
0.9714467525482178,0.022395605256070872,-0.022395605256070872,-0.06388021973719646
0.9793088436126709,0.016239354252357424,-0.016239354252357424,-0.06418803228738212
0.9888021945953369,0.008792921911808249,-0.008792921911808249,-0.06456035390440959
0.9970366954803467,0.0023273403098283962,-0.0023273403098283962,-0.06488363298450858
1.0047972202301025,-0.003767585330916867,0.003767585330916867,-0.06481162073345416
1.012812614440918,-0.010060286682374436,0.010060286682374436,-0.06449698566588127
1.0209195613861084,-0.01641836006015529,0.01641836006015529,-0.06417908199699224
1.0292749404907227,-0.022960084662561053,0.022960084662561053,-0.06385199576687195
1.0367121696472168,-0.028769788443032754,0.028769788443032754,-0.06356151057784837
1.0435795783996582,-0.03412049398820144,0.03412049398820144,-0.06329397530058993
1.0511164665222168,-0.03997444894080611,0.03997444894080611,-0.0630012775529597
1.059190034866333,-0.04622030041243466,0.04622030041243466,-0.06268898497937828
1.067319631576538,-0.05247944370264088,0.05247944370264088,-0.06237602781486795
1.0761725902557373,-0.05925644725099502,0.05925644725099502,-0.06203717763745026
1.0850238800048828,-0.06598635288098814,0.06598635288098814,-0.06170068235595059
1.0939407348632812,-0.07271450862910422,0.07271450862910422,-0.06136427456854479
1.1041021347045898,-0.08031187114554417,0.08031187114554417,-0.060984406442722794
1.1121153831481934,-0.08624579480107725,0.08624579480107725,-0.06068771025994615
1.1191189289093018,-0.09138738890491153,0.09138738890491153,-0.06043063055475442
1.1266355514526367,-0.09685636781342502,0.09685636781342502,-0.06015718160932876
1.1340107917785645,-0.10217000445603211,0.10217000445603211,-0.059891499777198404
1.1415753364562988,-0.10756302680728372,0.10756302680728372,-0.05962184865963582
1.1486990451812744,-0.11258627799932378,0.11258627799932378,-0.05937068610003382
1.1558525562286377,-0.11757379927267365,0.11757379927267365,-0.059121310036366316
1.1659681797027588,-0.12452460622584885,0.12452460622584885,-0.05877376968870757
1.172914981842041,-0.12922559140462814,0.12922559140462814,-0.0585387204297686
1.1817841529846191,-0.135137720095405,0.135137720095405,-0.058243113995229745
1.1894621849060059,-0.14017128605765275,0.14017128605765275,-0.05799143569711737
1.1975080966949463,-0.1453584698742969,0.1453584698742969,-0.05773207650628515
1.2057154178619385,-0.1505540099396946,0.1505540099396946,-0.05747229950301527
1.2125051021575928,-0.15477663424937324,0.15477663424937324,-0.05726116828753133
1.2189390659332275,-0.15871307895418907,0.15871307895418907,-0.05706434605229055
1.225935459136963,-0.16291998640144634,0.16291998640144634,-0.056854000679927685
1.2340242862701416,-0.16768554191944202,0.16768554191944202,-0.05661572290402791
1.240898609161377,-0.17165057510705573,0.17165057510705573,-0.056417471244647216
1.247755765914917,-0.17552595326821505,0.17552595326821505,-0.05622370233658924
1.2550206184387207,-0.17954284345600535,0.17954284345600535,-0.056022857827199735
1.2620201110839844,-0.1833245761950915,0.1833245761950915,-0.055833771190245435
1.2691242694854736,-0.18707220987129305,0.18707220987129305,-0.055646389506435356
1.2759318351745605,-0.19057598225249994,0.19057598225249994,-0.055471200887375005
1.2854835987091064,-0.1953448546977144,0.1953448546977144,-0.055232757265114285
1.2921173572540283,-0.19855362042549285,0.19855362042549285,-0.05507231897872536
1.298976182937622,-0.20178056271952363,0.20178056271952363,-0.05491097186402383
1.3062102794647217,-0.2050825215383703,0.2050825215383703,-0.05474587392308148
1.313077688217163,-0.2081191313041511,0.2081191313041511,-0.05459404343479244
1.3206064701080322,-0.21133682338861454,0.21133682338861454,-0.05443315883056928
1.3273088932037354,-0.2141019242731683,0.2141019242731683,-0.05429490378634158
1.33426833152771,-0.21687258931870984,0.21687258931870984,-0.0541563705340645
1.3427271842956543,-0.22010049721458647,0.22010049721458647,-0.05399497513927068
1.3491861820220947,-0.22246072571282666,0.22246072571282666,-0.05387696371435866
1.355912208557129,-0.2248211646666815,0.2248211646666815,-0.05375894176666593
1.362426519393921,-0.22701162591183974,0.22701162591183974,-0.05364941870440801
1.369680404663086,-0.2293388528605457,0.2293388528605457,-0.053533057356972724
1.3771917819976807,-0.2316231620033267,0.2316231620033267,-0.053418841899833674
1.3839595317840576,-0.2335709056516072,0.2335709056516072,-0.05332145471741964
1.390645980834961,-0.2353915671596131,0.2353915671596131,-0.053230421642019354
1.3973352909088135,-0.23710907674701617,0.23710907674701617,-0.05314454616264919
1.405634880065918,-0.2390943967113865,0.2390943967113865,-0.053045280164430685
1.4135348796844482,-0.24083316185870077,0.24083316185870077,-0.05295834190706497
1.4202866554260254,-0.24220168178890722,0.24220168178890722,-0.05288991591055464
1.4278249740600586,-0.24360085197586492,0.24360085197586492,-0.05281995740120676
1.435206413269043,-0.24483852636901177,0.24483852636901177,-0.05275807368154942
1.4420349597930908,-0.2458662751973653,0.2458662751973653,-0.05270668624013173
1.4486663341522217,-0.24675605966529401,0.24675605966529401,-0.0526621970167353
1.456212043762207,-0.24763824890834313,0.24763824890834313,-0.05261808755458284
1.4633796215057373,-0.24834736727365345,0.24834736727365345,-0.05258263163631732
1.4701511859893799,-0.2489016376104558,0.2489016376104558,-0.05255491811947721
1.477102279663086,-0.24935344278018898,0.24935344278018898,-0.052532327860990546
1.4836513996124268,-0.24967033302447705,0.24967033302447705,-0.05251648334877615
1.490976333618164,-0.24989955074176012,0.24989955074176012,-0.052505022462912
1.4977359771728516,-0.24999367632516686,0.24999367632516686,-0.05250031618374165
1.5050158500671387,-0.2499689622761933,0.2499689622761933,-0.052501551886190344
1.5119311809539795,-0.24982439948905533,0.24982439948905533,-0.052508780025547236
1.518904209136963,-0.24955924308826372,0.24955924308826372,-0.052522037845586816
1.5265288352966309,-0.24913224979322546,0.24913224979322546,-0.052543387510338734
1.5329973697662354,-0.24865791677071022,0.24865791677071022,-0.052567104161464484
1.5396614074707031,-0.24806186486076326,0.24806186486076326,-0.052596906756961846
1.5465879440307617,-0.24732710778825398,0.24732710778825398,-0.05263364461058731
1.5532290935516357,-0.2465126493625861,0.2465126493625861,-0.05267436753187069
1.5604608058929443,-0.24550373906455952,0.24550373906455952,-0.05272481304677203
1.5670523643493652,-0.24447373877163142,0.24447373877163142,-0.052776313061418424
1.573740005493164,-0.243321591927608,0.243321591927608,-0.052833920403619596
1.580488920211792,-0.2420500084977245,0.2420500084977245,-0.05289749957511378
1.5871756076812744,-0.24068284097199202,0.24068284097199202,-0.05296585795140041
1.595224380493164,-0.23889637619061085,0.23889637619061085,-0.05305518119046945
1.6022088527679443,-0.2372223171256172,0.2372223171256172,-0.053138884143719145
1.6092534065246582,-0.2354181718635462,0.2354181718635462,-0.05322909140682269
1.6159651279449463,-0.23359199578060685,0.23359199578060685,-0.053320400210969655
1.623302698135376,-0.231476736292731,0.231476736292731,-0.053426163185363446
1.630000352859497,-0.22943854635719385,0.22943854635719385,-0.053528072682140306
1.6366660594940186,-0.2273092257741252,0.2273092257741252,-0.053634538711293735
1.6436185836791992,-0.22498209544460843,0.22498209544460843,-0.053750895227769574
1.6502537727355957,-0.22266107422002537,0.22266107422002537,-0.05386694628899874
1.656912088394165,-0.22023471159399663,0.22023471159399663,-0.053988264420300164
1.663832664489746,-0.21761066529590492,0.21761066529590492,-0.05411946673520476
1.6705994606018066,-0.21494546083224056,0.21494546083224056,-0.05425272695838798
1.6774792671203613,-0.2121361702163685,0.2121361702163685,-0.05439319148918157
1.6848812103271484,-0.20900304807718545,0.20900304807718545,-0.05454984759614073
1.6920273303985596,-0.20587097208134592,0.20587097208134592,-0.0547064513959327
1.6986591815948486,-0.20287143514143777,0.20287143514143777,-0.05485642824292811
1.7051467895507812,-0.19985192197320908,0.19985192197320908,-0.05500740390133954
1.711822748184204,-0.19665809179779656,0.19665809179779656,-0.05516709541011017
1.718442440032959,-0.19340576526647113,0.19340576526647113,-0.055329711736676446
1.7251942157745361,-0.19000239135042984,0.19000239135042984,-0.055499880432478506
1.7320799827575684,-0.1864434427287591,0.1864434427287591,-0.05567782786356204
1.7387089729309082,-0.18293476642376752,0.18293476642376752,-0.05585326167881163
1.745370864868164,-0.1793287495282865,0.1793287495282865,-0.056033562523585684
1.752692699432373,-0.17527496947868357,0.17527496947868357,-0.05623625152606582
1.759577989578247,-0.17137823989628986,0.17137823989628986,-0.05643108800518551
1.7666232585906982,-0.1673079857906408,0.1673079857906408,-0.05663460071046797
1.7736165523529053,-0.16318670060658075,0.16318670060658075,-0.05684066496967097
1.780224084854126,-0.15922035084064992,0.15922035084064992,-0.05703898245796751
1.7872352600097656,-0.1549367218230499,0.1549367218230499,-0.057253163908847514
1.7948358058929443,-0.15020816189116554,0.15020816189116554,-0.05748959190544173
1.8021750450134277,-0.14556086867641144,0.14556086867641144,-0.05772195656617943
1.8088746070861816,-0.14125100593099682,0.14125100593099682,-0.05793744970345016
1.8156697750091553,-0.13681573281866796,0.13681573281866796,-0.0581592133590666
1.8226194381713867,-0.13221514514139068,0.13221514514139068,-0.058389242742930475
1.8300902843475342,-0.12719931432463388,0.12719931432463388,-0.058640034283768315
1.8374419212341309,-0.1221951072076588,0.1221951072076588,-0.05889024463961706
1.844505786895752,-0.11732534964868889,0.11732534964868889,-0.05913373251756556
1.852447509765625,-0.11178153190736,0.11178153190736,-0.059410923404632
1.8593077659606934,-0.10693650657128177,0.10693650657128177,-0.05965317467143591
1.8666095733642578,-0.10172512340196338,0.10172512340196338,-0.05991374382990183
1.8745450973510742,-0.09600084368760031,0.09600084368760031,-0.06019995781561999
1.8818168640136719,-0.09070289081731041,0.09070289081731041,-0.060464855459134485
1.888697624206543,-0.08564618000730329,0.08564618000730329,-0.06071769099963484
1.895256519317627,-0.08078872064558651,0.08078872064558651,-0.06096056396772068
1.9020047187805176,-0.07575528554259289,0.07575528554259289,-0.06121223572287035
1.9091405868530273,-0.07039570198509405,0.07039570198509405,-0.061480214900745296
1.9165449142456055,-0.06479712235485491,0.06479712235485491,-0.06176014388225726
1.92315673828125,-0.059768049038802645,0.059768049038802645,-0.06201159754805988
1.9302189350128174,-0.05436798744627547,0.05436798744627547,-0.06228160062768623
1.9371964931488037,-0.04900635173700277,0.04900635173700277,-0.06254968241314987
1.9453768730163574,-0.042690657207148444,0.042690657207148444,-0.06286546713964258
1.952028512954712,-0.037534257240362176,0.037534257240362176,-0.06312328713798189
1.9585354328155518,-0.032474170871130276,0.032474170871130276,-0.0633762914564435
1.965498447418213,-0.027044428773286902,0.027044428773286902,-0.06364777856133566
1.9729924201965332,-0.021186262289739494,0.021186262289739494,-0.06394068688551302
1.9794304370880127,-0.01614405546861375,0.01614405546861375,-0.06419279722656931
1.9864509105682373,-0.010638216817543816,0.010638216817543816,-0.0644680891591228
1.9935357570648193,-0.005076655563597127,0.005076655563597127,-0.06474616722182014
2.0002682209014893,0.00021066017848486718,-0.00021066017848486718,-0.06498946699107576
2.008284330368042,0.0065057633491093225,-0.0065057633491093225,-0.06467471183254453
2.0148980617523193,0.01169663884132574,-0.01169663884132574,-0.06441516805793371
2.022942543029785,0.018003433830254684,-0.018003433830254684,-0.06409982830848726
2.0305674076080322,0.02397070383883454,-0.02397070383883454,-0.06380146480805828
2.0374274253845215,0.02932774372923011,-0.02932774372923011,-0.0635336128135385
2.044332504272461,0.03470621109293921,-0.03470621109293921,-0.06326468944535305
2.0509018898010254,0.039808080062887496,-0.039808080062887496,-0.06300959599685563
2.0576939582824707,0.045065034588683966,-0.045065034588683966,-0.06274674827056581
2.065521240234375,0.05109763102221443,-0.05109763102221443,-0.06244511844888928
2.0727758407592773,0.05666134511855374,-0.05666134511855374,-0.06216693274407231
2.0797624588012695,0.061991751339191756,-0.061991751339191756,-0.06190041243304042
2.086604595184326,0.06718299890300997,-0.06718299890300997,-0.061640850054849504
2.0943541526794434,0.07302510690219186,-0.07302510690219186,-0.06134874465489041
2.101412057876587,0.07830823297493045,-0.07830823297493045,-0.06108458835125347
2.1084749698638916,0.08355656699255629,-0.08355656699255629,-0.06082217165037219
2.11521577835083,0.08852722212493253,-0.08852722212493253,-0.06057363889375338
2.12250018119812,0.09385402470974309,-0.09385402470974309,-0.06030729876451285
2.12939453125,0.09885036973695409,-0.09885036973695409,-0.060057481513152294
2.1362648010253906,0.10378313797695132,-0.10378313797695132,-0.05981084310115243
2.143216371536255,0.10872506279410762,-0.10872506279410762,-0.05956374686029462
2.1509883403778076,0.11418871226404281,-0.11418871226404281,-0.05929056438679786
2.158609628677368,0.11948035004665271,-0.11948035004665271,-0.05902598249766736
2.1667301654815674,0.12504318780379803,-0.12504318780379803,-0.058747840609810094
2.1736748218536377,0.12973609027880598,-0.12973609027880598,-0.0585131954860597
2.1822078227996826,0.13541754622902788,-0.13541754622902788,-0.05822912268854861
2.18906307220459,0.13991161997076604,-0.13991161997076604,-0.0580044190014617
2.196641445159912,0.1448041458256355,-0.1448041458256355,-0.05775979270871823
2.2045867443084717,0.14984537604240525,-0.14984537604240525,-0.05750773119787974
2.2117090225219727,0.15428514576589322,-0.15428514576589322,-0.05728574271170534
2.219895601272583,0.15929281096628653,-0.15929281096628653,-0.057035359451685676
2.2276182174682617,0.16392015766770462,-0.16392015766770462,-0.05680399211661477
2.2369325160980225,0.16937262872974354,-0.16937262872974354,-0.056531368563512825
2.2455596923828125,0.17429360498201318,-0.17429360498201318,-0.05628531975089934
2.253950357437134,0.17895689768331174,-0.17895689768331174,-0.05605215511583442
2.2623002529144287,0.18347410028434985,-0.18347410028434985,-0.05582629498578251
2.2707791328430176,0.18793188147574885,-0.18793188147574885,-0.05560340592621255
2.278163194656372,0.19170554582463306,-0.19170554582463306,-0.05541472270876835
2.2893033027648926,0.1972029068194847,-0.1972029068194847,-0.05513985465902577
2.297177314758301,0.2009432336121346,-0.2009432336121346,-0.05495283831939327
2.3052330017089844,0.20464260000120457,-0.20464260000120457,-0.054767869999939774
2.3124611377716064,0.20785044423247045,-0.20785044423247045,-0.054607477788376484
2.319706439971924,0.21095835059314103,-0.21095835059314103,-0.05445208247034295
2.328217029571533,0.21446930280991025,-0.21446930280991025,-0.05427653485950449
2.3360300064086914,0.2175575497953143,-0.2175575497953143,-0.05412212251023429
2.343301773071289,0.22031414864177234,-0.22031414864177234,-0.05398429256791138
2.3506083488464355,0.22296813897613524,-0.22296813897613524,-0.05385159305119324
2.3582165241241455,0.2256068100586435,-0.2256068100586435,-0.05371965949706783
2.365473508834839,0.22800360629703836,-0.22800360629703836,-0.05359981968514809
2.372589588165283,0.23023879715725795,-0.23023879715725795,-0.053488060142137105
2.3805437088012695,0.23260098175341137,-0.23260098175341137,-0.053369950912329434
2.3887076377868652,0.23487442908169995,-0.23487442908169995,-0.053256278545915005
2.3987011909484863,0.2374469279247339,-0.2374469279247339,-0.05312765360376331
2.4058303833007812,0.2391392080731876,-0.2391392080731876,-0.05304303959634062
2.4137961864471436,0.24088814590671637,-0.24088814590671637,-0.052955592704664184
2.420548677444458,0.2422525984927064,-0.2422525984927064,-0.05288737007536468
2.4283154010772705,0.24368715391518178,-0.24368715391518178,-0.05281564230424091
2.4368069171905518,0.24508954231729246,-0.24508954231729246,-0.05274552288413537
2.445732355117798,0.2463755715786549,-0.2463755715786549,-0.05268122142106726
2.452803373336792,0.24725693641011057,-0.24725693641011057,-0.052637153179494474
2.4618465900421143,0.24820627254837607,-0.24820627254837607,-0.052589686372581206
2.4711761474609375,0.24897572391772968,-0.24897572391772968,-0.05255121380411352
2.479459762573242,0.24947968065641063,-0.24947968065641063,-0.05252601596717948
2.4865055084228516,0.24977537516800535,-0.24977537516800535,-0.05251123124159973
2.49363374710083,0.24995000080000385,-0.24995000080000385,-0.05250249995999981
2.5019659996032715,0.24999523157199965,-0.24999523157199965,-0.052500238421400024
2.508754014968872,0.2499054640581605,-0.2499054640581605,-0.05250472679709198
2.5151689052581787,0.24971618454176794,-0.24971618454176794,-0.052514190772911605
2.5217437744140625,0.2494169433655681,-0.2494169433655681,-0.0525291528317216
2.5283143520355225,0.24901159113515564,-0.24901159113515564,-0.05254942044324223
2.536722183227539,0.24833817606378275,-0.24833817606378275,-0.052583091196810865
2.543621063232422,0.2476561895818108,-0.2476561895818108,-0.05261719052090946
2.550903558731079,0.24681007623825899,-0.24681007623825899,-0.05265949618808705
2.5575242042541504,0.24592874117973437,-0.24592874117973437,-0.052703562941013284
2.5644912719726562,0.24488641445484816,-0.24488641445484816,-0.0527556792772576
2.571347236633301,0.2437461847700681,-0.2437461847700681,-0.05281269076149659
2.5779709815979004,0.24253717719369336,-0.24253717719369336,-0.052873141140315334
2.5850229263305664,0.24113460261223213,-0.24113460261223213,-0.0529432698693884
2.5917932987213135,0.23967666755350267,-0.23967666755350267,-0.05301616662232487
2.6001064777374268,0.2377382734779611,-0.2377382734779611,-0.05311308632610195
2.607311725616455,0.23592699479440338,-0.23592699479440338,-0.05320365026027984
2.6145265102386475,0.2339921984419195,-0.2339921984419195,-0.05330039007790403
2.6222689151763916,0.2317822233649089,-0.2317822233649089,-0.05341088883175455
2.6289796829223633,0.22975573367885319,-0.22975573367885319,-0.05351221331605734
2.636019229888916,0.22752023389216322,-0.22752023389216322,-0.05362398830539184
2.643089771270752,0.22516288369981027,-0.22516288369981027,-0.05374185581500949
2.6504547595977783,0.2225892531885021,-0.2225892531885021,-0.0538705373405749
2.6578385829925537,0.21988942515010268,-0.21988942515010268,-0.05400552874249487
2.664677381515503,0.21728330833181278,-0.21728330833181278,-0.05413583458340936
2.671477794647217,0.21459236723792707,-0.21459236723792707,-0.05427038163810365
2.6792545318603516,0.21139512308086278,-0.21139512308086278,-0.054430243845956856
2.686821222305298,0.20816311069850374,-0.20816311069850374,-0.05459184446507481
2.6934804916381836,0.20522131849338432,-0.20522131849338432,-0.054738934075330786
2.700594425201416,0.20197948239463553,-0.20197948239463553,-0.05490102588026823
2.7079017162323,0.19854451748814853,-0.19854451748814853,-0.055072774125592576
2.7156295776367188,0.1947980572204526,-0.1947980572204526,-0.05526009713897737
2.722463846206665,0.1913890731471908,-0.1913890731471908,-0.05543054634264046
2.728945255279541,0.18807456405314033,-0.18807456405314033,-0.05559627179734299
2.735644578933716,0.18456668152477304,-0.18456668152477304,-0.05577166592376135
2.743011236190796,0.18061505919127294,-0.18061505919127294,-0.055969247040436355
2.750044822692871,0.17675180079691266,-0.17675180079691266,-0.05616240996015437
2.756944417953491,0.1728782789750323,-0.1728782789750323,-0.05635608605124839
2.763504981994629,0.16911973270136313,-0.16911973270136313,-0.056544013364931846
2.771833896636963,0.16424481416552422,-0.16424481416552422,-0.0567877592917238
2.778520345687866,0.16024969964924812,-0.16024969964924812,-0.0569875150175376
2.7850778102874756,0.15626296570679293,-0.15626296570679293,-0.05718685171466036
2.791962146759033,0.1520061785770438,-0.1520061785770438,-0.05739969107114781
2.7985754013061523,0.14785002904082933,-0.14785002904082933,-0.05760749854795854
2.8063302040100098,0.14289530672460415,-0.14289530672460415,-0.057855234663769795
2.813223123550415,0.13841997548105034,-0.13841997548105034,-0.05807900122594748
2.820058584213257,0.13391784731581585,-0.13391784731581585,-0.05830410763420921
2.8276307582855225,0.12885848110314804,-0.12885848110314804,-0.0585570759448426
2.8343589305877686,0.12430176700572441,-0.12430176700572441,-0.05878491164971378
2.8420584201812744,0.11901920315110281,-0.11901920315110281,-0.05904903984244486
2.8489246368408203,0.11424950945574892,-0.11424950945574892,-0.05928752452721256
2.856778860092163,0.10872843513768327,-0.10872843513768327,-0.05956357824311584
2.863206386566162,0.10416084404312263,-0.10416084404312263,-0.059791957797843874
2.8699140548706055,0.09934891852850514,-0.09934891852850514,-0.060032554073574745
2.8772940635681152,0.09400378488163587,-0.09400378488163587,-0.060299810755918205
2.8839633464813232,0.08912986618122162,-0.08912986618122162,-0.06054350669093892
2.8911590576171875,0.08382741633667326,-0.08382741633667326,-0.06080862918316634
2.898679256439209,0.0782401207755732,-0.0782401207755732,-0.06108799396122134
2.9055984020233154,0.07306074439364138,-0.07306074439364138,-0.06134696278031793
2.9128267765045166,0.06761306293516386,-0.06761306293516386,-0.06161934685324181
2.9206395149230957,0.061685852650488066,-0.061685852650488066,-0.0619157073674756
2.9278645515441895,0.05617135627059934,-0.05617135627059934,-0.06219143218647003
2.934361219406128,0.051187994675776366,-0.051187994675776366,-0.062440600266211184
2.941389799118042,0.045772674134720165,-0.045772674134720165,-0.06271136629326399
2.9491126537323,0.039796803294603056,-0.039796803294603056,-0.06301015983526985
2.95621919631958,0.034277050256694,-0.034277050256694,-0.0632861474871653
2.9628350734710693,0.029122991190586173,-0.029122991190586173,-0.0635438504404707
2.969550848007202,0.02387825236594837,-0.02387825236594837,-0.06380608738170258
2.977527618408203,0.01763510913723676,-0.01763510913723676,-0.06411824454313816
2.984649181365967,0.012051831904770355,-0.012051831904770355,-0.06439740840476149
2.9912517070770264,0.006870028242734055,-0.006870028242734055,-0.06465649858786329
2.9990758895874023,0.0007257936012777799,-0.0007257936012777799,-0.06496371031993611
3.0064334869384766,-0.005052504817535386,0.005052504817535386,-0.06474737475912323
3.013434648513794,-0.010548415858489951,0.010548415858489951,-0.0644725792070755
3.019897222518921,-0.015617067105511834,0.015617067105511834,-0.06421914664472442
3.0265491008758545,-0.020827447287320583,0.020827447287320583,-0.06395862763563398
3.0344481468200684,-0.027002729755639318,0.027002729755639318,-0.06364986351221803
3.041325092315674,-0.0323655525532604,0.0323655525532604,-0.06338172237233698
3.048084020614624,-0.03762163674025189,0.03762163674025189,-0.06311891816298741
3.055481433868408,-0.04335471262053303,0.04335471262053303,-0.06283226436897335
3.0620524883270264,-0.04842781106136271,0.04842781106136271,-0.06257860944693186
3.06927490234375,-0.0539798941383339,0.0539798941383339,-0.0623010052930833
3.07615327835083,-0.059241711831099705,0.059241711831099705,-0.06203791440844502
3.0831692218780518,-0.06458025176273523,0.06458025176273523,-0.06177098741186324
3.089745044708252,-0.06955546358795708,0.06955546358795708,-0.061522226820602155
3.098397731781006,-0.07605644779042783,0.07605644779042783,-0.061197177610478604
3.1054952144622803,-0.08134722734017011,0.08134722734017011,-0.060932638632991504
3.1124768257141113,-0.08651218798055603,0.08651218798055603,-0.060674390600972204
3.119732141494751,-0.0918355033437318,0.0918355033437318,-0.06040822483281341
3.127579689025879,-0.09753955241357609,0.09753955241357609,-0.06012302237932119
3.1345341205596924,-0.1025449963406494,0.1025449963406494,-0.05987275018296753
3.1412720680236816,-0.10734796500554429,0.10734796500554429,-0.05963260174972279
3.1479835510253906,-0.11208425634044658,0.11208425634044658,-0.059395787182977666
3.1549222469329834,-0.11692848105740027,0.11692848105740027,-0.05915357594712999
3.162393808364868,-0.12208253504188561,0.12208253504188561,-0.05889587324790572
3.169142961502075,-0.12668051373093847,0.12668051373093847,-0.05866597431345308
3.175926923751831,-0.1312448120951592,0.1312448120951592,-0.05843775939524204
3.183117628097534,-0.13601764454936166,0.13601764454936166,-0.05819911777253192
3.1910150051116943,-0.14117946363518463,0.14117946363518463,-0.057941026818240766
3.198281764984131,-0.1458524101720834,0.1458524101720834,-0.05770737949139584
3.204859972000122,-0.1500170943034225,0.1500170943034225,-0.057499145284828884
3.2116096019744873,-0.15422369705572836,0.15422369705572836,-0.05728881514721359
3.2193806171417236,-0.15898087045097833,0.15898087045097833,-0.05705095647745109
3.226729154586792,-0.16339229957547913,0.16339229957547913,-0.05683038502122604
3.2333483695983887,-0.16729142753841741,0.16729142753841741,-0.05663542862307913
3.240211248397827,-0.1712576849619935,0.1712576849619935,-0.05643711575190033
3.248187780380249,-0.175767400841884,0.175767400841884,-0.056211629957905795
3.2555625438690186,-0.17983876274920027,0.17983876274920027,-0.05600806186253998
3.263284206390381,-0.18399815286324284,0.18399815286324284,-0.05580009235683786
3.2705698013305664,-0.18782341768609323,0.18782341768609323,-0.05560882911569534
3.2770965099334717,-0.19116673828593972,0.19116673828593972,-0.05544166308570301
3.2837347984313965,-0.1944847667648529,0.1944847667648529,-0.05527576166175735
3.291425943374634,-0.19822318372040715,0.19822318372040715,-0.05508884081397964
3.2983131408691406,-0.20147268134614954,0.20147268134614954,-0.05492636593269253
3.305582046508789,-0.20479994416340394,0.20479994416340394,-0.0547600027918298
3.3121731281280518,-0.20772466497253325,0.20772466497253325,-0.05461376675137333
3.319133758544922,-0.2107166534152491,0.2107166534152491,-0.054464167329237555
3.326166868209839,-0.21363745478900256,0.21363745478900256,-0.05431812726054988
3.333091974258423,-0.2164115072283944,0.2164115072283944,-0.054179424638580276
3.340579032897949,-0.21929539520058147,0.21929539520058147,-0.05403523023997092
3.3472037315368652,-0.22174600215293952,0.22174600215293952,-0.05391269989235303
3.3547070026397705,-0.224405560223533,0.224405560223533,-0.05377972198882336
3.3625662326812744,-0.2270575668131486,0.2270575668131486,-0.05364712165934257
3.36920428276062,-0.22918974028388703,0.22918974028388703,-0.053540512985805644
3.3758351802825928,-0.23122010864426057,0.23122010864426057,-0.053438994567786974
3.382566452026367,-0.23317858189064136,0.23317858189064136,-0.05334107090546794
3.3892719745635986,-0.23502589027631637,0.23502589027631637,-0.053248705486184184
3.395949125289917,-0.23676174931159083,0.23676174931159083,-0.05316191253442046
3.403209924697876,-0.23853107969712892,0.23853107969712892,-0.05307344601514355
3.4097349643707275,-0.24001526383781724,0.24001526383781724,-0.05299923680810914
3.416532039642334,-0.24145406853150142,0.24145406853150142,-0.05292729657342493
3.4236748218536377,-0.24284740598710844,0.24284740598710844,-0.05285762970064459
3.4309535026550293,-0.244141458557238,0.244141458557238,-0.0527929270721381
3.4378859996795654,-0.24525528405518443,0.24525528405518443,-0.05273723579724079
3.444845676422119,-0.24625646385073202,0.24625646385073202,-0.052687176807463404
3.4517180919647217,-0.247129577800975,0.247129577800975,-0.05264352110995125
3.4591808319091797,-0.24794721805528747,0.24794721805528747,-0.052602639097235636
3.467193841934204,-0.2486734120631197,0.2486734120631197,-0.052566329396844025
3.4741227626800537,-0.24917433024720076,0.24917433024720076,-0.05254128348763996
3.4812681674957275,-0.24956724215057485,0.24956724215057485,-0.05252163789247125
3.4894468784332275,-0.24986261735924192,0.24986261735924192,-0.05250686913203791
3.497020721435547,-0.24998904962954496,0.24998904962954496,-0.05250054751852276
3.504793167114258,-0.2499716569427493,0.2499716569427493,-0.05250141715286253
3.5126829147338867,-0.2498015777150983,0.2498015777150983,-0.052509921114245094
3.5195531845092773,-0.24952847124044442,0.24952847124044442,-0.05252357643797778
3.526846408843994,-0.249111362363129,0.249111362363129,-0.052544431881843545
3.5342655181884766,-0.2485528786984239,0.2485528786984239,-0.05257235606507881
3.541264057159424,-0.24790229059370242,0.24790229059370242,-0.05260488547031489
3.5500102043151855,-0.24692083128564163,0.24692083128564163,-0.05265395843571793
3.5603415966033936,-0.24552139887324617,0.24552139887324617,-0.05272393005633769
3.5683534145355225,-0.24425803326302314,0.24425803326302314,-0.05278709833684884
3.5770139694213867,-0.24271836048099993,0.24271836048099993,-0.05286408197595
3.5853042602539062,-0.241076187922247,0.241076187922247,-0.052946190603887645
3.59415340423584,-0.23914292008693855,0.23914292008693855,-0.05304285399565308
3.602644681930542,-0.23711406195743412,0.23711406195743412,-0.053144296902128296
3.6101620197296143,-0.2351770573701794,0.2351770573701794,-0.05324114713149103
3.619353771209717,-0.2326304827932317,0.2326304827932317,-0.05336847586033841
3.6266894340515137,-0.23045885796227752,0.23045885796227752,-0.05347705710188613
3.6346728801727295,-0.22795642480700434,0.22795642480700434,-0.05360217875964979
3.6429529190063477,-0.22520956899874633,0.22520956899874633,-0.05373952155006268
3.649771213531494,-0.22283315036180765,0.22283315036180765,-0.05385834248190963
3.65729022026062,-0.22009401442078302,0.22009401442078302,-0.05399529927896085
3.6660056114196777,-0.2167654796566866,0.2167654796566866,-0.05416172601716568
3.673703670501709,-0.21369024590485092,0.21369024590485092,-0.05431548770475745
3.681478977203369,-0.21045729625381357,0.21045729625381357,-0.05447713518730932
3.6911275386810303,-0.20627108498706503,0.20627108498706503,-0.054686445750646746
3.698951482772827,-0.2027371936518095,0.2027371936518095,-0.05486314031740952
3.70798397064209,-0.19850525290514245,0.19850525290514245,-0.055074737354742886
3.715074062347412,-0.19507122716892444,0.19507122716892444,-0.055246438641553784
3.7254600524902344,-0.18986663151768127,0.18986663151768127,-0.055506668424115946
3.7330925464630127,-0.18591269487660872,0.18591269487660872,-0.055704365256169563
3.740844964981079,-0.1817872266031454,0.1817872266031454,-0.05591063866984273
3.7487740516662598,-0.17745622562202473,0.17745622562202473,-0.05612718871889877
3.756972312927246,-0.17286245228520014,0.17286245228520014,-0.056356877385739995
3.765778064727783,-0.16780064456365054,0.16780064456365054,-0.05660996777181748
3.773514747619629,-0.16324726596475797,0.16324726596475797,-0.0568376367017621
3.7809972763061523,-0.15875170489672347,0.15875170489672347,-0.057062414755163826
3.787656545639038,-0.15467691338092296,0.15467691338092296,-0.05726615433095386
3.794431209564209,-0.15046205719506642,0.15046205719506642,-0.057476897140246674
3.8014891147613525,-0.1459985243253585,0.1459985243253585,-0.05770007378373207
3.809999942779541,-0.140520881632729,0.140520881632729,-0.057973955918363546
3.8171637058258057,-0.13583219800537472,0.13583219800537472,-0.05820839009973127
3.8238041400909424,-0.13142453941767612,0.13142453941767612,-0.0584287730291162
3.830942153930664,-0.1266228776109457,0.1266228776109457,-0.05866885611945272
3.8388261795043945,-0.12124547933512031,0.12124547933512031,-0.05893772603324399
3.8464245796203613,-0.11599247333707083,0.11599247333707083,-0.059200376333146454
3.8533084392547607,-0.11117630720085273,0.11117630720085273,-0.05944118463995737
3.8607637882232666,-0.10590173125303651,0.10590173125303651,-0.059704913437348184
3.8673272132873535,-0.10121000199781162,0.10121000199781162,-0.05993949990010942
3.8742563724517822,-0.09621018255887147,0.09621018255887147,-0.06018949087205643
3.881160259246826,-0.0911832554461621,0.0911832554461621,-0.06044083722769189
3.8977205753326416,-0.07895488782583095,0.07895488782583095,-0.06105225560870845
3.905320882797241,-0.07326916431562254,0.07326916431562254,-0.06133654178421888
3.9137094020843506,-0.06694542503346806,0.06694542503346806,-0.06165272874832659
3.920954704284668,-0.06144592731257795,0.06144592731257795,-0.06192770363437111
3.9277231693267822,-0.05627955288332785,0.05627955288332785,-0.06218602235583361
3.9352729320526123,-0.05048689870093159,0.05048689870093159,-0.06247565506495342
3.9430344104766846,-0.04450222853538452,0.04450222853538452,-0.06277488857323077
3.951887845993042,-0.037643480880931376,0.037643480880931376,-0.06311782595595343
3.9593396186828613,-0.03184781305671895,0.03184781305671895,-0.06340760934716405
3.9663941860198975,-0.02634493966980317,0.02634493966980317,-0.06368275301650984
3.974118709564209,-0.02030472805179026,0.02030472805179026,-0.06398476359741048
3.981802225112915,-0.014284714625776296,0.014284714625776296,-0.06428576426871119
3.9889283180236816,-0.008693925403324282,0.008693925403324282,-0.0645653037298338
3.9973931312561035,-0.0020474070363822594,0.0020474070363822594,-0.06489762964818088
4.005414247512817,0.004252135009054914,-0.004252135009054914,-0.06478739324954726
4.013386487960815,0.010510624213248415,-0.010510624213248415,-0.06447446878933757
4.020392179489136,0.01600502713931709,-0.01600502713931709,-0.06419974864303415
4.02831506729126,0.022209284859464745,-0.022209284859464745,-0.06388953575702677
4.03502893447876,0.027456165508057406,-0.027456165508057406,-0.06362719172459713
4.0418901443481445,0.03280555737005489,-0.03280555737005489,-0.06335972213149726
4.049304962158203,0.03856936271977529,-0.03856936271977529,-0.06307153186401124
4.056267499923706,0.04396260027750003,-0.04396260027750003,-0.062801869986125
4.062942028045654,0.04911303064699647,-0.04911303064699647,-0.06254434846765018
4.069410800933838,0.05408410597457031,-0.05408410597457031,-0.062295794701271494
4.076014041900635,0.0591354648224169,-0.0591354648224169,-0.06204322675887916
4.083442687988281,0.06478771787407245,-0.06478771787407245,-0.06176061410629638
4.091803312301636,0.07110673134433469,-0.07110673134433469,-0.061444663432783264
4.098845481872559,0.07639136573411691,-0.07639136573411691,-0.06118043171329415
4.1075849533081055,0.08289742234580733,-0.08289742234580733,-0.060855128882709636
4.114833116531372,0.08824609018466989,-0.08824609018466989,-0.06058769549076651
4.122456789016724,0.09382243644292049,-0.09382243644292049,-0.06030887817785397
4.128882169723511,0.09848062689626569,-0.09848062689626569,-0.06007596865518672
4.136208772659302,0.10374310272525132,-0.10374310272525132,-0.05981284486373744
4.143726587295532,0.10908576503627171,-0.10908576503627171,-0.05954571174818641
4.1514692306518555,0.11452457235686012,-0.11452457235686012,-0.059273771382156996
4.159738540649414,0.12025842860762886,-0.12025842860762886,-0.05898707856961855
4.167446851730347,0.12553028618873127,-0.12553028618873127,-0.05872348569056344
4.174998998641968,0.13062397060689915,-0.13062397060689915,-0.058468801469655045
4.181757688522339,0.13512023285463076,-0.13512023285463076,-0.05824398835726846
4.188675880432129,0.13965949953313475,-0.13965949953313475,-0.058017025023343265
4.1955811977386475,0.1441245353202962,-0.1441245353202962,-0.05779377323398519
4.202529191970825,0.14854870727867892,-0.14854870727867892,-0.057572564636066054
4.210551500320435,0.15356878679980862,-0.15356878679980862,-0.05732156066000957
4.217411041259766,0.15778401033832162,-0.15778401033832162,-0.057110799483083924
4.223931074142456,0.16172271235292232,-0.16172271235292232,-0.056913864382353886
4.230797290802002,0.1657971598191145,-0.1657971598191145,-0.05671014200904428
4.23796534538269,0.16996838616913937,-0.16996838616913937,-0.056501580691543034
4.24544095993042,0.1742267401760056,-0.1742267401760056,-0.05628866299119972
4.252249240875244,0.1780214108254423,-0.1780214108254423,-0.05609892945872789
4.259246349334717,0.18183645214395056,-0.18183645214395056,-0.05590817739280247
4.267001390457153,0.18596201233215634,-0.18596201233215634,-0.055701899383392185
4.274009943008423,0.18959556904300928,-0.18959556904300928,-0.05552022154784953
4.281713485717773,0.19348334076488422,-0.19348334076488422,-0.0553258329617558
4.289791584014893,0.19743838428912378,-0.19743838428912378,-0.05512808078554381
4.298759460449219,0.2016800246059311,-0.2016800246059311,-0.05491599876970344
4.305817365646362,0.2049058835377239,-0.2049058835377239,-0.05475470582311381
4.314868927001953,0.20889530375355306,-0.20889530375355306,-0.05455523481232235
4.322001695632935,0.2119201905249382,-0.2119201905249382,-0.0544039904737531
4.3291308879852295,0.21483723392132148,-0.21483723392132148,-0.054258138303933924
4.336217164993286,0.217629928093383,-0.217629928093383,-0.05411850359533085
4.343606233596802,0.2204270663713115,-0.2204270663713115,-0.05397864668143443
4.351123332977295,0.22315078243614694,-0.22315078243614694,-0.05384246087819266
4.359719514846802,0.2261128793134301,-0.2261128793134301,-0.05369435603432849
4.367443561553955,0.22863386315781747,-0.22863386315781747,-0.05356830684210912
4.374176740646362,0.23072167300729396,-0.23072167300729396,-0.0534639163496353
4.381361246109009,0.23283556416634946,-0.23283556416634946,-0.05335822179168253
4.3881261348724365,0.23471758841624502,-0.23471758841624502,-0.05326412057918775
4.3958420753479,0.23673473927571048,-0.23673473927571048,-0.053163263036214485
4.404696226119995,0.23887799174434066,-0.23887799174434066,-0.05305610041278297
4.411616325378418,0.24042449259311205,-0.24042449259311205,-0.0529787753703444
4.419527769088745,0.24205328742585908,-0.24205328742585908,-0.05289733562870705
4.42750096321106,0.24354351756095344,-0.24354351756095344,-0.05282282412195233
4.435244798660278,0.24484461903782853,-0.24484461903782853,-0.052757769048108576
4.442211627960205,0.24589136551898635,-0.24589136551898635,-0.052705431724050684
4.448856592178345,0.2467800094873856,-0.2467800094873856,-0.05266099952563072
4.455793619155884,0.24759296979514386,-0.24759296979514386,-0.05262035151024281
4.462832450866699,0.24829766858027777,-0.24829766858027777,-0.052585116570986114
4.469751358032227,0.24887203747172043,-0.24887203747172043,-0.05255639812641399
4.476332902908325,0.24930928377293313,-0.24930928377293313,-0.052534535811353346
4.482922792434692,0.24964030094109302,-0.24964030094109302,-0.05251798495294535
4.491644859313965,0.24991388231289338,-0.24991388231289338,-0.05250430588435533
4.499278545379639,0.24999935786312433,-0.24999935786312433,-0.052500032106843786
4.506214141845703,0.2499523614767972,-0.2499523614767972,-0.05250238192616014
4.513684511184692,0.24976900560336066,-0.24976900560336066,-0.05251154971983197
4.521406888961792,0.24943486373168636,-0.24943486373168636,-0.052528256813415684
4.528339385986328,0.24900984372707413,-0.24900984372707413,-0.05254950781364629
4.535331726074219,0.24846151407609499,-0.24846151407609499,-0.05257692429619525
4.542268753051758,0.24779904907531536,-0.24779904907531536,-0.05261004754623424
4.5492308139801025,0.2470158688929036,-0.2470158688929036,-0.05264920655535482
4.55670428276062,0.246043668551561,-0.246043668551561,-0.05269781657242195
4.563943862915039,0.24497256449222377,-0.24497256449222377,-0.05275137177538881
4.570846319198608,0.24383332901458235,-0.24383332901458235,-0.052808333549270885
4.577609300613403,0.24260590909537097,-0.24260590909537097,-0.052869704545231454
4.584902763366699,0.24115949520878657,-0.24115949520878657,-0.052942025239560674
4.592442274093628,0.23953121132567576,-0.23953121132567576,-0.053023439433716214
4.599252223968506,0.23794495909824062,-0.23794495909824062,-0.05310275204508797
4.607107877731323,0.23597990483151998,-0.23597990483151998,-0.05320100475842401
4.614684581756592,0.23394845881490559,-0.23394845881490559,-0.05330257705925472
4.621490478515625,0.23201064118640022,-0.23201064118640022,-0.05339946794067999
4.62800931930542,0.23005509713600839,-0.23005509713600839,-0.05349724514319958
4.634815692901611,0.2279103494980668,-0.2279103494980668,-0.05360448252509666
4.641716003417969,0.22562963650524917,-0.22562963650524917,-0.053718518174737544
4.649301767349243,0.22300005908017445,-0.22300005908017445,-0.05384999704599128
4.656140327453613,0.22052090751936912,-0.22052090751936912,-0.053973954624031546
4.663426876068115,0.21776737751529468,-0.21776737751529468,-0.054111631124235275
4.670016765594482,0.21517880356459504,-0.21517880356459504,-0.05424105982177025
4.677813291549683,0.21199724197236022,-0.21199724197236022,-0.05440013790138199
4.684967279434204,0.2089659483955468,-0.2089659483955468,-0.05455170258022266
4.691820383071899,0.20596314171221972,-0.20596314171221972,-0.054701842914389016
4.6999671459198,0.2022694144532755,-0.2022694144532755,-0.05488652927733623
4.706876993179321,0.19903256228019514,-0.19903256228019514,-0.055048371885990245
4.714412450790405,0.1953957938127477,-0.1953957938127477,-0.05523021030936262
4.721044540405273,0.1921043445197182,-0.1921043445197182,-0.0553947827740141
4.728367328643799,0.18837329517768772,-0.18837329517768772,-0.055581335241115616
4.736407995223999,0.18416172517487464,-0.18416172517487464,-0.05579191374125627
4.743589162826538,0.18030092780825888,-0.18030092780825888,-0.05598495360958706
4.7508385181427,0.17631040272590714,-0.17631040272590714,-0.056184479863704645
4.759063959121704,0.17167194782519596,-0.17167194782519596,-0.0564164026087402
4.767966032028198,0.16652286641380076,-0.16652286641380076,-0.056673856679309964
4.775676012039185,0.1619579173433451,-0.1619579173433451,-0.05690210413283275
4.783807277679443,0.1570406425317651,-0.1570406425317651,-0.05714796787341175
4.791497230529785,0.15229591104765197,-0.15229591104765197,-0.057385204447617404
4.798742294311523,0.1477443107092274,-0.1477443107092274,-0.05761278446453863
4.805608749389648,0.14335988427335536,-0.14335988427335536,-0.057832005786332234
4.813504695892334,0.13823576619816863,-0.13823576619816863,-0.05808821169009157
4.821073055267334,0.13324435992444927,-0.13324435992444927,-0.05833778200377754
4.830979824066162,0.12659736629765703,-0.12659736629765703,-0.05867013168511715
4.841049671173096,0.11971532916118757,-0.11971532916118757,-0.059014233541940624
4.849579334259033,0.11379190547111513,-0.11379190547111513,-0.05931040472644425
4.856943845748901,0.10861173787217633,-0.10861173787217633,-0.05956941310639119
4.865295648574829,0.10266691578107667,-0.10266691578107667,-0.05986665421094617
4.873360872268677,0.09685895724541795,-0.09685895724541795,-0.0601570521377291
4.881354570388794,0.09104113993851803,-0.09104113993851803,-0.0604479430030741
4.890183210372925,0.0845490797999586,-0.0845490797999586,-0.06077254601000207
4.8977086544036865,0.07896377125760863,-0.07896377125760863,-0.061051811437119574
4.906750679016113,0.07219477976891542,-0.07219477976891542,-0.06139026101155423
4.914357423782349,0.06645491882739059,-0.06645491882739059,-0.061677254058630476
4.927016019821167,0.05682055132819552,-0.05682055132819552,-0.062158972433590226
4.936698913574219,0.04938950784457816,-0.04938950784457816,-0.06253052460777109
4.947137355804443,0.04132763980798232,-0.04132763980798232,-0.06293361800960089
4.955841064453125,0.03457120538038941,-0.03457120538038941,-0.06327143973098054
4.963679790496826,0.028463967151981726,-0.028463967151981726,-0.06357680164240091
4.97194242477417,0.02200784341861689,-0.02200784341861689,-0.06389960782906916
4.979373216629028,0.01618890224938288,-0.01618890224938288,-0.06419055488753087
4.988717079162598,0.008859729740402639,-0.008859729740402639,-0.06455701351297988
4.996237516403198,0.002954978895532284,-0.002954978895532284,-0.06485225105522338
5.003581285476685,-0.0028126756953190946,0.0028126756953190946,-0.06485936621523405
5.011577606201172,-0.009091025870408137,0.009091025870408137,-0.0645454487064796
5.021705865859985,-0.017034538217690354,0.017034538217690354,-0.06414827308911548
5.030000448226929,-0.023527428803860884,0.023527428803860884,-0.06382362855980696
5.037412643432617,-0.02931621414216927,0.02931621414216927,-0.06353418929289154
5.0452561378479,-0.03542445981110469,0.03542445981110469,-0.06322877700944476
5.054492235183716,-0.04258936135960671,0.04258936135960671,-0.06287053193201966
5.061259508132935,-0.04781665303893831,0.04781665303893831,-0.06260916734805308
5.070356369018555,-0.05480892699099113,0.05480892699099113,-0.06225955365045044
5.078033208847046,-0.06067511037310028,0.06067511037310028,-0.061966244481344995
5.086902379989624,-0.06740824584504902,0.06740824584504902,-0.06162958770774755
5.094109535217285,-0.07284134214757841,0.07284134214757841,-0.061357932892621085
5.102064609527588,-0.07879478942001812,0.07879478942001812,-0.0610602605289991
5.109304428100586,-0.08417027427778667,0.08417027427778667,-0.06079148628611067
5.116536855697632,-0.08949679833668345,0.08949679833668345,-0.06052516008316583
5.124073505401611,-0.09499817698756428,0.09499817698756428,-0.06025009115062179
5.132543325424194,-0.10111701993163198,0.10111701993163198,-0.05994414900341841
5.139070987701416,-0.10578416834479673,0.10578416834479673,-0.05971079158276016
5.145768165588379,-0.11052626593460221,0.11052626593460221,-0.059473686703269885
5.1530678272247314,-0.11563917024063973,0.11563917024063973,-0.05921804148796802
5.160115480422974,-0.12051788995924281,0.12051788995924281,-0.058974105502037855
5.1677086353302,-0.12570804980865408,0.12570804980865408,-0.05871459750956729
5.175521373748779,-0.13097360999639887,0.13097360999639887,-0.058451319500180066
5.1827919483184814,-0.13580295691635885,0.13580295691635885,-0.05820985215418206
5.1894495487213135,-0.14016306822531854,0.14016306822531854,-0.057991846588734075
5.1964111328125,-0.14465665369656538,0.14465665369656538,-0.05776716731517173
5.20326566696167,-0.1490135496037097,0.1490135496037097,-0.05754932251981451
5.211837291717529,-0.15436440268012538,0.15436440268012538,-0.057281779865993726
5.21876335144043,-0.1586064268411292,0.1586064268411292,-0.057069678657943546
5.225521802902222,-0.16267342567228732,0.16267342567228732,-0.05686632871638564
5.2320945262908936,-0.16655833876497855,0.16655833876497855,-0.05667208306175107
5.239582777023315,-0.17089775660969447,0.17089775660969447,-0.056455112169515285
5.247069597244263,-0.17514179762154697,0.17514179762154697,-0.05624291011892266
5.25392484664917,-0.17894290634131518,0.17894290634131518,-0.05605285468293425
5.261084079742432,-0.18282394565619253,0.18282394565619253,-0.055858802717190376
5.268493890762329,-0.18674340837444353,0.18674340837444353,-0.05566282958127783
5.275333404541016,-0.19027144851231706,0.19027144851231706,-0.055486427574384156
5.2821338176727295,-0.19369223115901876,0.19369223115901876,-0.05531538844204906
5.289105415344238,-0.19710734188527881,0.19710734188527881,-0.05514463290573607
5.295933961868286,-0.20036073082954978,0.20036073082954978,-0.05498196345852252
5.303236246109009,-0.20373776803197408,0.20373776803197408,-0.0548131115984013
5.310930252075195,-0.20717992837429658,0.20717992837429658,-0.05464100358128518
5.318789482116699,-0.21057102504767555,0.21057102504767555,-0.054471448747616225
5.326021671295166,-0.21357820503052946,0.21357820503052946,-0.05432108974847352
5.333354711532593,-0.2165147456570255,0.2165147456570255,-0.05417426271714873
5.3409435749053955,-0.21943272592433047,0.21943272592433047,-0.05402836370378347
5.348114490509033,-0.22207542355318854,0.22207542355318854,-0.053896228822340575
5.356442451477051,-0.22500299360571283,0.22500299360571283,-0.053749850319714354
5.364768981933594,-0.22777609351232603,0.22777609351232603,-0.05361119532438371
5.371863126754761,-0.2300158679065116,0.2300158679065116,-0.053499206604674415
5.379382848739624,-0.2322652512390265,0.2322652512390265,-0.05338673743804867
5.38824987411499,-0.23475102850204854,0.23475102850204854,-0.05326244857489757
5.396830797195435,-0.23698318734992058,0.23698318734992058,-0.05315084063250397
5.405235767364502,-0.2390026359654568,0.2390026359654568,-0.05304986820172716
5.41275954246521,-0.24066906067724303,0.24066906067724303,-0.05296654696613785
5.419589519500732,-0.24206541367417755,0.24206541367417755,-0.05289672931629113
5.426183700561523,-0.24330782737629925,0.24330782737629925,-0.05283460863118503
5.434147596359253,-0.24466906376708947,0.24466906376708947,-0.052766546811645526
5.441821098327637,-0.24583580136948807,0.24583580136948807,-0.052708209931525606
5.450114727020264,-0.2469361648551506,0.2469361648551506,-0.05265319175724248
5.461724758148193,-0.24819481258562537,0.24819481258562537,-0.052590259370718734
5.469942569732666,-0.24888624228538658,0.24888624228538658,-0.05255568788573067
5.480210781097412,-0.2495170221903785,0.2495170221903785,-0.05252414889048107
5.487064361572266,-0.24979359238110774,0.24979359238110774,-0.05251032038094461
5.494680643081665,-0.24996509256688143,0.24996509256688143,-0.05250174537165594
5.501626968383789,-0.24999673436952682,0.24999673436952682,-0.052500163281523654
5.508375883102417,-0.24991345421644204,0.24991345421644204,-0.05250432728917789
5.516906023025513,-0.24964747446717533,0.24964747446717533,-0.05251762627664123
5.524103403091431,-0.24928359442618245,0.24928359442618245,-0.05253582027869089
5.5315101146698,-0.24877607432760004,0.24877607432760004,-0.05256119628361999
5.538740158081055,-0.2481507467345516,0.2481507467345516,-0.052592462663272416
5.546731233596802,-0.2473106701731132,0.2473106701731132,-0.052634466491344345
5.554004669189453,-0.2464105296193196,0.2464105296193196,-0.052679473519034015
5.5618274211883545,-0.24529882760186494,0.24529882760186494,-0.05273505861990676
5.568574905395508,-0.2442209049608786,0.2442209049608786,-0.05278895475195608
5.576137065887451,-0.2428824512857651,0.2428824512857651,-0.05285587743571174
5.583824396133423,-0.24138134796799882,0.24138134796799882,-0.05293093260160006
5.592041254043579,-0.23962121037544115,0.23962121037544115,-0.05301893948122794
5.59917688369751,-0.23796310536639637,0.23796310536639637,-0.05310184473168019
5.6074090003967285,-0.23590171239177407,0.23590171239177407,-0.053204914380411306
5.614855527877808,-0.23390109175123117,0.23390109175123117,-0.05330494541243844
5.621869087219238,-0.23189971870680365,0.23189971870680365,-0.05340501406465983
5.629558801651001,-0.22957605422737462,0.22957605422737462,-0.05352119728863128
5.63622260093689,-0.2274539916062794,0.2274539916062794,-0.053627300419686025
5.643225908279419,-0.22511640110654868,0.22511640110654868,-0.053744179944672565
5.649824619293213,-0.22281413155761196,0.22281413155761196,-0.0538592934221194
5.65691614151001,-0.22023320513808398,0.22023320513808398,-0.0539883397430958
5.6642327308654785,-0.21745581667408184,0.21745581667408184,-0.0541272091662959
5.671174764633179,-0.21471437119624445,0.21471437119624445,-0.05426428144018777
5.678417921066284,-0.21174516937695204,0.21174516937695204,-0.05441274153115241
5.685551404953003,-0.208713760296853,0.208713760296853,-0.05456431198515735
5.693700075149536,-0.20512277867100853,0.20512277867100853,-0.05474386106644957
5.700575113296509,-0.2019884201755131,0.2019884201755131,-0.05490057899122435
5.707132816314697,-0.19891091441084613,0.19891091441084613,-0.05505445427945769
5.713926553726196,-0.1956336226814207,0.1956336226814207,-0.05521831886592896
5.72278356552124,-0.19122742221610783,0.19122742221610783,-0.05543862888919462
5.730526924133301,-0.1872538298208426,0.1872538298208426,-0.05563730850895787
5.738961458206177,-0.18279954960555303,0.18279954960555303,-0.05586002251972236
5.7458815574646,-0.17904905488691877,0.17904905488691877,-0.05604754725565406
5.753963232040405,-0.1745620280310614,0.1745620280310614,-0.056271898598446925
5.762623071670532,-0.1696291938930279,0.1696291938930279,-0.056518540305348614
4.936532020568848,0.04951799512970423,-0.04951799512970423,-0.06252410024351479
4.943323373794556,0.04427888363651829,-0.04427888363651829,-0.06278605581817409
4.950921535491943,0.03839359191849724,-0.03839359191849724,-0.06308032040407514
4.95764422416687,0.03316806598541812,-0.03316806598541812,-0.0633415967007291
4.964470863342285,0.027846612913429783,-0.027846612913429783,-0.06360766935432852
4.972247838973999,0.02176889282677938,-0.02176889282677938,-0.06391155535866103
4.978882312774658,0.016573628609376778,-0.016573628609376778,-0.06417131856953116
4.986198663711548,0.010836148225872727,-0.010836148225872727,-0.06445819258870636
4.992555141448975,0.005846645148480933,-0.005846645148480933,-0.06470766774257596
4.9993157386779785,0.000537417171691118,-0.000537417171691118,-0.06497312914141545
5.006664276123047,-0.005233727853896086,0.005233727853896086,-0.0647383136073052
5.0146803855896,-0.011525860880613747,0.011525860880613747,-0.06442370695596931
5.02323579788208,-0.01823314998149833,0.01823314998149833,-0.06408834250092509
5.030932188034058,-0.024255865910708663,0.024255865910708663,-0.06378720670446457
5.038262605667114,-0.02997906191370442,0.02997906191370442,-0.06350104690431478
5.046323537826538,-0.03625413424104558,0.03625413424104558,-0.06318729328794773
5.053661108016968,-0.041945993073407226,0.041945993073407226,-0.06290270034632964
5.061151027679443,-0.04773302287330243,0.04773302287330243,-0.06261334885633488
5.068770885467529,-0.053593310440036845,0.053593310440036845,-0.06232033447799815
5.07623815536499,-0.05930647328350788,0.05930647328350788,-0.0620346763358246
5.083646535873413,-0.06494233675284726,0.06494233675284726,-0.061752883162357636
5.091357469558716,-0.07077096020618137,0.07077096020618137,-0.06146145198969094
5.099027633666992,-0.07652757241648073,0.07652757241648073,-0.06117362137917596
5.106434106826782,-0.08204414745689406,0.08204414745689406,-0.060897792627155306
5.113985300064087,-0.08762276720246397,0.08762276720246397,-0.06061886163987681
5.121462106704712,-0.0930978592816379,0.0930978592816379,-0.06034510703591811
5.129049301147461,-0.09860126444424369,0.09860126444424369,-0.060069936777787825
5.136572599411011,-0.10400301893082539,0.10400301893082539,-0.059799849053458726
5.144894361495972,-0.10991027859881312,0.10991027859881312,-0.05950448607005934
5.152659893035889,-0.11535502020136083,0.11535502020136083,-0.05923224898993196
5.161282777786255,-0.12132030951122481,0.12132030951122481,-0.058933984524438765
5.169479131698608,-0.12690806361337167,0.12690806361337167,-0.05865459681933141
5.17792272567749,-0.13257634565331577,0.13257634565331577,-0.058371182717334213
5.185252666473389,-0.137421522016763,0.137421522016763,-0.058128923899161855
5.193117618560791,-0.1425392384384957,0.1425392384384957,-0.05787303807807522
5.201496124267578,-0.14789532445685552,0.14789532445685552,-0.05760523377715723
5.2089619636535645,-0.15258175866528917,0.15258175866528917,-0.05737091206673554
