time,roll,pitch,target_z,actual_z,torque_leg1
0.0008301734924316406,-0.006998787344728239,0.0051771851591140405,-0.059895677795267714,-0.05962244894551549,-3.921499998330259
0.012879133224487305,-0.006998787344728239,0.0051771851591140405,-0.05838332616492567,-0.05811009731517344,-3.8473947684434986
0.025036096572875977,-0.006998787344728239,0.0051771851591140405,-0.05686683059662094,-0.05659360174686871,-3.773086485596567
0.0376582145690918,-0.006998787344728239,0.0051771851591140405,-0.0553117625404177,-0.05503853369066547,-3.6968881508426086
0.049978017807006836,-0.006998787344728239,0.0051771851591140405,-0.0538222873355738,-0.053549058485821574,-3.623903865805257
0.06188321113586426,-0.006998787344728239,0.0051771851591140405,-0.05241799667883481,-0.05214476782908258,-3.5550936236250466
0.07472658157348633,-0.006998787344728239,0.0051771851591140405,-0.05095081727955982,-0.050677588429807595,-3.4832018330605723
0.08756542205810547,-0.006998787344728239,0.0051771851591140405,-0.04954301988193709,-0.049269791032184866,-3.414219760577059
0.09874129295349121,-0.006998787344728239,0.0051771851591140405,-0.048372626548609,-0.04809939769885677,-3.3568704872439823
0.11044716835021973,-0.006998787344728239,0.0051771851591140405,-0.047208273259428876,-0.04693504440967665,-3.299817176074156
0.12235426902770996,-0.006998787344728239,0.0051771851591140405,-0.04609490101546302,-0.04582167216571079,-3.245261936119829
0.13637566566467285,-0.006998787344728239,0.0051771851591140405,-0.044884018638119826,-0.0446107897883676,-3.1859286996300127
0.1498429775238037,-0.006998787344728239,0.0051771851591140405,-0.04383126617950679,-0.043558037329754565,-3.134343829157974
0.16337990760803223,-0.006998787344728239,0.0051771851591140405,-0.04288968367473548,-0.04261645482498325,-3.0882062864241795
0.1768512725830078,-0.006998787344728239,0.0051771851591140405,-0.042075462084313675,-0.04180223323456145,-3.048309428493511
0.18987393379211426,-0.006998787344728239,0.0051771851591140405,-0.04141030792482886,-0.04113707907507663,-3.0157168746787555
0.20225238800048828,-0.006998787344728239,0.0051771851591140405,-0.04089331214736998,-0.04062008329761775,-2.9903840815832696
0.21472477912902832,-0.006998787344728239,0.0051771851591140405,-0.04048923848473206,-0.04021600963497983,-2.9705844721140116
0.22765159606933594,-0.006998787344728239,0.0051771851591140405,-0.040196851642314985,-0.03992362279256276,-2.956257516835575
0.24026942253112793,-0.006998787344728239,0.0051771851591140405,-0.04003736815706216,-0.03976413930730993,-2.948442826058187
0.25220346450805664,-0.006998787344728239,0.0051771851591140405,-0.04000191674755879,-0.039728687897806564,-2.946705706992522
0.26463842391967773,-0.006998787344728239,0.0051771851591140405,-0.04008453609701647,-0.03981130724726424,-2.950754055115948
0.2774991989135742,-0.006998787344728239,0.0051771851591140405,-0.040297796169483244,-0.040024567319731016,-2.96120379866682
0.290391206741333,-0.006998787344728239,0.0051771851591140405,-0.04064062100221823,-0.040367392152466,-2.978002215470834
0.30315399169921875,-0.006998787344728239,0.0051771851591140405,-0.04110507300786696,-0.040831844158114736,-3.0007603637476223
0.31545114517211914,-0.006998787344728239,0.0051771851591140405,-0.041667496535116616,-0.04139426768536439,-3.028319116582855
0.32782530784606934,-0.006998787344728239,0.0051771851591140405,-0.04234385299212444,-0.04207062414237221,-3.0614605829762387
0.33983397483825684,-0.006998787344728239,0.0051771851591140405,-0.04310227154486723,-0.042829042695115005,-3.0986230920606355
0.3540971279144287,-0.006998787344728239,0.0051771851591140405,-0.044127615048762475,-0.04385438619901025,-3.148864923751502
0.36669206619262695,-0.006998787344728239,0.0051771851591140405,-0.04513923940982434,-0.04486601056007211,-3.1984345174435336
0.37895655632019043,-0.006998787344728239,0.0051771851591140405,-0.04621376825140846,-0.04594053940165623,-3.2510864306811555
0.39130473136901855,-0.006998787344728239,0.0051771851591140405,-0.04737827850080332,-0.04710504965105109,-3.3081474329015035
0.4035208225250244,-0.006998787344728239,0.0051771851591140405,-0.04860508331905802,-0.048331854469305796,-3.368260868995984
0.4156661033630371,-0.006998787344728239,0.0051771851591140405,-0.04989130906611182,-0.04961808021635959,-3.43128593060162
0.42780518531799316,-0.006998787344728239,0.0051771851591140405,-0.05123567276050942,-0.050962443910757195,-3.4971597516271027
0.4407169818878174,-0.006998787344728239,0.0051771851591140405,-0.05272135493234573,-0.052448126082593506,-3.569958178047082
0.45273494720458984,-0.006998787344728239,0.0051771851591140405,-0.054147419047448735,-0.05387419019769651,-3.6398353196871294
0.46533799171447754,-0.006998787344728239,0.0051771851591140405,-0.05567859537615964,-0.055405366526407415,-3.7148629597939635
0.47768545150756836,-0.006998787344728239,0.0051771851591140405,-0.057205049298961766,-0.05693182044920954,-3.7896592020112676
0.48985838890075684,-0.006998787344728239,0.0051771851591140405,-0.05872642984840918,-0.05845320099865695,-3.864206848934191
0.5020327568054199,-0.006998787344728239,0.0051771851591140405,-0.0602554368088764,-0.05998220795912417,-3.9391281899970845
0.5141894817352295,-0.006998787344728239,0.0051771851591140405,-0.06178074159475447,-0.06150751274500224,-4.013868124505111
0.5270743370056152,-0.006998787344728239,0.0051771851591140405,-0.06338587588873425,-0.06311264703898202,-4.092519704910119
0.5402736663818359,-0.006998787344728239,0.0051771851591140405,-0.06500709988279171,-0.06473387103303949,-4.171959680618935
0.5531401634216309,-0.006998787344728239,0.0051771851591140405,-0.06655440388162764,-0.06628117503187542,-4.247777576561896
0.5658407211303711,-0.006998787344728239,0.0051771851591140405,-0.06803980560542486,-0.06776657675567263,-4.320562261027959
0.5785379409790039,-0.006998787344728239,0.0051771851591140405,-0.06947366733961763,-0.0692004384898654,-4.390821486003405
0.5908167362213135,-0.006998787344728239,0.0051771851591140405,-0.07080305124996596,-0.07052982240021373,-4.455961297610473
0.6033921241760254,-0.006998787344728239,0.0051771851591140405,-0.0720978661357391,-0.07182463728598687,-4.519407227013357
0.6159553527832031,-0.006998787344728239,0.0051771851591140405,-0.07331605169591601,-0.07304282284616379,-4.579098319462026
0.6284818649291992,-0.006998787344728239,0.0051771851591140405,-0.07444811714753011,-0.07417488829777788,-4.634569526591116
0.6410691738128662,-0.006998787344728239,0.0051771851591140405,-0.07549555844396036,-0.07522232959420813,-4.685894150116199
0.6524770259857178,-0.006998787344728239,0.0051771851591140405,-0.07636133413799306,-0.07608810528824084,-4.728317159123801
0.6647264957427979,-0.006998787344728239,0.0051771851591140405,-0.07719731960078047,-0.07692409075102824,-4.7692804468003835
0.6778337955474854,-0.006998787344728239,0.0051771851591140405,-0.07797896568255991,-0.07770573683280768,-4.807581104807577
0.6907258033752441,-0.006998787344728239,0.0051771851591140405,-0.07862891182581135,-0.07835568297605912,-4.839428465826897
0.7030303478240967,-0.006998787344728239,0.0051771851591140405,-0.07913535058467752,-0.0788621217349253,-4.864243965011339
0.7151279449462891,-0.006998787344728239,0.0051771851591140405,-0.0795218362463736,-0.07924860739662137,-4.8831817624344485
0.7270834445953369,-0.006998787344728239,0.0051771851591140405,-0.07979302974264439,-0.07951980089289216,-4.8964702437517165
0.7457647323608398,-0.006998787344728239,0.0051771851591140405,-0.07999291897989007,-0.07971969013013784,-4.906264816376755
0.7582552433013916,-0.006998787344728239,0.0051771851591140405,-0.07997310186802875,-0.07969987301827652,-4.90529377789555
0.7711572647094727,-0.006998787344728239,0.0051771851591140405,-0.07982354290660378,-0.07955031405685155,-4.897965388785726
0.7834126949310303,-0.006998787344728239,0.0051771851591140405,-0.07956087610586031,-0.07928764725610808,-4.885094715549297
0.7968158721923828,-0.006998787344728239,0.0051771851591140405,-0.07914096227267413,-0.0788677334229219,-4.864518937723174
0.8110089302062988,-0.006998787344728239,0.0051771851591140405,-0.07854848337941896,-0.07827525452966673,-4.8354874719536705
0.8239853382110596,-0.006998787344728239,0.0051771851591140405,-0.07787765453294783,-0.0776044256831956,-4.8026168584765845
0.8362901210784912,-0.006998787344728239,0.0051771851591140405,-0.07713174936242453,-0.07685852051267231,-4.766067505120944
0.8500447273254395,-0.006998787344728239,0.0051771851591140405,-0.07617703554193847,-0.07590380669218624,-4.719286527917126
0.8626227378845215,-0.006998787344728239,0.0051771851591140405,-0.07519809790045193,-0.0749248690506997,-4.671318583484286
0.8756768703460693,-0.006998787344728239,0.0051771851591140405,-0.07408186279536211,-0.07380863394560988,-4.616623063334885
0.8880283832550049,-0.006998787344728239,0.0051771851591140405,-0.0729383995875861,-0.07266517073783388,-4.56059336615386
0.9004371166229248,-0.006998787344728239,0.0051771851591140405,-0.07171122170742303,-0.0714379928576708,-4.500461650025869
0.9122679233551025,-0.006998787344728239,0.0051771851591140405,-0.07047482624200932,-0.07020159739225709,-4.439878272220598
0.9246859550476074,-0.006998787344728239,0.0051771851591140405,-0.06911495502407819,-0.06884172617432596,-4.373244582541973
0.9382407665252686,-0.006998787344728239,0.0051771851591140405,-0.06756758445106818,-0.06729435560131596,-4.297423424464482
0.9506714344024658,-0.006998787344728239,0.0051771851591140405,-0.0661000397951425,-0.06582681094539028,-4.225513736324125
0.9631497859954834,-0.006998787344728239,0.0051771851591140405,-0.06458947018995356,-0.06431624134020134,-4.1514958256698655
0.9757523536682129,-0.006998787344728239,0.0051771851591140405,-0.06303527512919099,-0.06276204627943877,-4.0753402676925
0.988671064376831,-0.006998787344728239,0.0051771851591140405,-0.06142243411682242,-0.06114920526707019,-3.9963110580864396
1.001673698425293,-0.006998787344728239,0.0051771851591140405,-0.05978968072948047,-0.05951645187972824,-3.9163061421066843
1.0143256187438965,-0.006998787344728239,0.0051771851591140405,-0.05820221952330003,-0.0579289906735478,-3.8385205430038427
1.0278356075286865,-0.006998787344728239,0.0051771851591140405,-0.05651987997884722,-0.05624665112909499,-3.756085905325655
1.0438237190246582,-0.006998787344728239,0.0051771851591140405,-0.05456227558692831,-0.054289046737176085,-3.6601632901216283
1.0586011409759521,-0.006998787344728239,0.0051771851591140405,-0.05280123273440788,-0.05252800388465565,-3.573872190348127
1.0719084739685059,-0.006998787344728239,0.0051771851591140405,-0.05126803062179651,-0.05099480177204428,-3.49874528683017
1.0843441486358643,-0.006998787344728239,0.0051771851591140405,-0.049890197454567325,-0.0496169686048151,-3.43123146163594
1.09722900390625,-0.006998787344728239,0.0051771851591140405,-0.048527773192561116,-0.04825454434280889,-3.3644726727976355
1.1102404594421387,-0.006998787344728239,0.0051771851591140405,-0.047228252146506215,-0.04695502329675399,-3.3007961415409457
1.1228084564208984,-0.006998787344728239,0.0051771851591140405,-0.0460539343739313,-0.04578070552417907,-3.243254570684775
1.1356353759765625,-0.006998787344728239,0.0051771851591140405,-0.044945096710558755,-0.04467186786080653,-3.18892152517952
1.147829532623291,-0.006998787344728239,0.0051771851591140405,-0.043981477554640186,-0.04370824870488796,-3.1417041865395103
1.1602554321289062,-0.006998787344728239,0.0051771851591140405,-0.04309626398337836,-0.04282303513362613,-3.0983287215476807
1.1726341247558594,-0.006998787344728239,0.0051771851591140405,-0.04231680689926393,-0.042043578049511705,-3.060135324426074
1.1848270893096924,-0.006998787344728239,0.0051771851591140405,-0.041653547784086406,-0.04138031893433418,-3.027635627782375
1.1980280876159668,-0.006998787344728239,0.0051771851591140405,-0.04105690139447199,-0.04078367254471976,-2.9983999546912683
1.2110466957092285,-0.006998787344728239,0.0051771851591140405,-0.04059604534374178,-0.040322816493989555,-2.975818008205488
1.2231428623199463,-0.006998787344728239,0.0051771851591140405,-0.04028408503841284,-0.04001085618866061,-2.96053195324437
1.2356383800506592,-0.006998787344728239,0.0051771851591140405,-0.040081371417869244,-0.039808142568117016,-2.9505989858377344
1.2480688095092773,-0.006998787344728239,0.0051771851591140405,-0.04000147232822135,-0.03972824347846912,-2.946683930444987
1.2605695724487305,-0.006998787344728239,0.0051771851591140405,-0.04004408744737824,-0.03977085859762601,-2.948772071283675
1.2732064723968506,-0.006998787344728239,0.0051771851591140405,-0.04021223079768413,-0.0399390019479319,-2.9570110954486637
1.2859489917755127,-0.006998787344728239,0.0051771851591140405,-0.04050802599605956,-0.04023479714630733,-2.9715050601690596
1.2981469631195068,-0.006998787344728239,0.0051771851591140405,-0.04090820298925968,-0.04063497413950745,-2.9911137328358652
1.3101730346679688,-0.006998787344728239,0.0051771851591140405,-0.041412485836507945,-0.04113925698675572,-3.01582359235103
1.322974443435669,-0.006998787344728239,0.0051771851591140405,-0.04206575756301044,-0.04179252871325821,-3.0478339069496525
1.3351054191589355,-0.006998787344728239,0.0051771851591140405,-0.042791906691788936,-0.04251867784203671,-3.0834152142597993
1.3472182750701904,-0.006998787344728239,0.0051771851591140405,-0.04361667461745773,-0.043343445767705505,-3.12382884261757
1.3594799041748047,-0.006998787344728239,0.0051771851591140405,-0.04454815727350132,-0.04427492842374909,-3.1694714927637055
1.3718304634094238,-0.006998787344728239,0.0051771851591140405,-0.04557904967483563,-0.0453058208250834,-3.219985220429087
1.3839085102081299,-0.006998787344728239,0.0051771851591140405,-0.046671188807312344,-0.04639795995756012,-3.2735000379204457
1.3966178894042969,-0.006998787344728239,0.0051771851591140405,-0.0479031359154412,-0.047629907065688974,-3.33386544621876
1.4095923900604248,-0.006998787344728239,0.0051771851591140405,-0.04924025131791031,-0.04896702246815808,-3.3993841009397463
1.4213228225708008,-0.006998787344728239,0.0051771851591140405,-0.050510926791355555,-0.05023769794160333,-3.4616471991385636
1.4337153434753418,-0.006998787344728239,0.0051771851591140405,-0.051909145105420273,-0.051635916255668046,-3.530159896527734
1.4462554454803467,-0.006998787344728239,0.0051771851591140405,-0.053373887879286055,-0.05310065902953383,-3.6019322924471577
1.4592974185943604,-0.006998787344728239,0.0051771851591140405,-0.05494073577492764,-0.05466750692517541,-3.6787078393335952
1.4718925952911377,-0.006998787344728239,0.0051771851591140405,-0.05648625107803813,-0.056213022228285905,-3.7544380891860096
1.4858949184417725,-0.006998787344728239,0.0051771851591140405,-0.05822982257030451,-0.057956593720552285,-3.8398730923070623
1.4980509281158447,-0.006998787344728239,0.0051771851591140405,-0.05975507852557203,-0.0594818496758198,-3.9146106341151707
1.5106773376464844,-0.006998787344728239,0.0051771851591140405,-0.06134074756193912,-0.061067518712186894,-3.992308416897158
1.5234580039978027,-0.006998787344728239,0.0051771851591140405,-0.0629371581852067,-0.06266392933545448,-4.07053253743727
1.5357015132904053,-0.006998787344728239,0.0051771851591140405,-0.06444885387613183,-0.0641756250263796,-4.1446056262926
1.5480067729949951,-0.006998787344728239,0.0051771851591140405,-0.06594164433014077,-0.06566841548038854,-4.217752358539039
1.5607435703277588,-0.006998787344728239,0.0051771851591140405,-0.06744928851725579,-0.06717605966750356,-4.291626923707675
1.5735127925872803,-0.006998787344728239,0.0051771851591140405,-0.0689128975833611,-0.06863966873360887,-4.363343767946835
1.5862400531768799,-0.006998787344728239,0.0051771851591140405,-0.07031464708750224,-0.07004141823775001,-4.43202949364975
1.5990750789642334,-0.006998787344728239,0.0051771851591140405,-0.07166147582276677,-0.07138824697301455,-4.498024101677713
1.6114704608917236,-0.006998787344728239,0.0051771851591140405,-0.0728903118368995,-0.07261708298714727,-4.558237066370216
1.623100996017456,-0.006998787344728239,0.0051771851591140405,-0.07397239189994964,-0.07369916305019741,-4.611258989459674
1.6350955963134766,-0.006998787344728239,0.0051771851591140405,-0.07501016301675445,-0.07473693416700222,-4.66210977418311
1.6471595764160156,-0.006998787344728239,0.0051771851591140405,-0.07596797129279508,-0.07569474244304285,-4.7090423797091
1.659353494644165,-0.006998787344728239,0.0051771851591140405,-0.07684288753012446,-0.07656965868037223,-4.751913275338239
1.6716411113739014,-0.006998787344728239,0.0051771851591140405,-0.07762455127741302,-0.0773513224276608,-4.790214798955379
1.6830406188964844,-0.006998787344728239,0.0051771851591140405,-0.07825591702964671,-0.07798268817989448,-4.8211517208148305
1.695091724395752,-0.006998787344728239,0.0051771851591140405,-0.07882151669185146,-0.07854828784209923,-4.8488661042628625
1.7076416015625,-0.006998787344728239,0.0051771851591140405,-0.07929583613706896,-0.07902260728731673,-4.8721077570785205
1.7214717864990234,-0.006998787344728239,0.0051771851591140405,-0.0796795607115195,-0.07940633186176728,-4.8909102612265976
1.7335107326507568,-0.006998787344728239,0.0051771851591140405,-0.07989275576792403,-0.0796195269181718,-4.901356818990418
1.745774269104004,-0.006998787344728239,0.0051771851591140405,-0.07999295083142019,-0.07971972198166796,-4.90626637710173
1.7591485977172852,-0.006998787344728239,0.0051771851591140405,-0.07996696690912333,-0.0796937380593711,-4.904993164909184
1.7730083465576172,-0.006998787344728239,0.0051771851591140405,-0.07979137129777937,-0.07951814244802714,-4.896388979953331
1.7854576110839844,-0.006998787344728239,0.0051771851591140405,-0.07950571022621661,-0.07923248137646438,-4.8823915874467545
1.7986373901367188,-0.006998787344728239,0.0051771851591140405,-0.07907334572825328,-0.07880011687850105,-4.861205727046552
1.811274766921997,-0.006998787344728239,0.0051771851591140405,-0.07853596328127219,-0.07826273443151996,-4.834873987144478
1.823451042175293,-0.006998787344728239,0.0051771851591140405,-0.07790765338273141,-0.07763442453297918,-4.804086802115981
1.8358900547027588,-0.006998787344728239,0.0051771851591140405,-0.07715763659636077,-0.07688440774660854,-4.7673359795838195
1.8480534553527832,-0.006998787344728239,0.0051771851591140405,-0.07632290430794098,-0.07604967545818875,-4.726434097451249
1.8600170612335205,-0.006998787344728239,0.0051771851591140405,-0.0754088981440682,-0.07513566929431598,-4.681647795421483
1.8728282451629639,-0.006998787344728239,0.0051771851591140405,-0.07433379006785516,-0.07406056121810294,-4.628967499687045
1.8842804431915283,-0.006998787344728239,0.0051771851591140405,-0.0732939285753411,-0.07302069972558888,-4.578014286553856
1.896223545074463,-0.006998787344728239,0.0051771851591140405,-0.07213628958448272,-0.07186306073473049,-4.521289976001794
1.9081220626831055,-0.006998787344728239,0.0051771851591140405,-0.07091503700579195,-0.07064180815603972,-4.461448599645947
1.9202384948730469,-0.006998787344728239,0.0051771851591140405,-0.06960879963163341,-0.06933557078188118,-4.397442968312179
1.9324464797973633,-0.006998787344728239,0.0051771851591140405,-0.06823641639222446,-0.06796318754247223,-4.330196189581139
1.9445152282714844,-0.006998787344728239,0.0051771851591140405,-0.06683204366383753,-0.06655881481408531,-4.261381925890181
1.956451416015625,-0.006998787344728239,0.0051771851591140405,-0.06540444425708593,-0.0651312154073337,-4.191429554959351
1.9684958457946777,-0.006998787344728239,0.0051771851591140405,-0.06393312573248393,-0.0636598968827317,-4.119334947253854
1.9808416366577148,-0.006998787344728239,0.0051771851591140405,-0.06240170090408986,-0.062128472054337636,-4.044295130662544
1.9921152591705322,-0.006998787344728239,0.0051771851591140405,-0.060990420500600676,-0.06071719165084845,-3.975142390891574
2.005028009414673,-0.006998787344728239,0.0051771851591140405,-0.05936826679812186,-0.059095037948369636,-3.8956568594701126
2.017268180847168,-0.006998787344728239,0.0051771851591140405,-0.05783427142499579,-0.05756104257524356,-3.820491086186935
2.029548168182373,-0.006998787344728239,0.0051771851591140405,-0.056308161886569216,-0.05603493303681699,-3.7457117188040328
2.042736291885376,-0.006998787344728239,0.0051771851591140405,-0.054693903921244603,-0.054420675071492376,-3.6666130785031266
2.055990695953369,-0.006998787344728239,0.0051771851591140405,-0.05310823909806039,-0.05283501024830816,-3.5889155021671004
2.068199872970581,-0.006998787344728239,0.0051771851591140405,-0.05168963599154772,-0.05141640714179549,-3.519403949947979
2.0798838138580322,-0.006998787344728239,0.0051771851591140405,-0.05037772349580724,-0.050104494646055014,-3.4551202376566956
2.092836380004883,-0.006998787344728239,0.0051771851591140405,-0.048984237980635253,-0.048711009130883026,-3.3868394474132684
2.104945421218872,-0.006998787344728239,0.0051771851591140405,-0.047747278982588126,-0.0474740501328359,-3.326228456508959
2.1169772148132324,-0.006998787344728239,0.0051771851591140405,-0.04658841241443877,-0.04631518356468654,-3.2694439946696408
2.1291303634643555,-0.006998787344728239,0.0051771851591140405,-0.045495653227231904,-0.04522242437747968,-3.2158987944965043
2.1413934230804443,-0.006998787344728239,0.0051771851591140405,-0.0444787125164154,-0.04420548366666317,-3.166068699666496
2.1537115573883057,-0.006998787344728239,0.0051771851591140405,-0.043549936751438964,-0.04327670790168674,-3.1205586871826503
2.1658620834350586,-0.006998787344728239,0.0051771851591140405,-0.04273026648984691,-0.04245703764009468,-3.0803948443646396
2.1784229278564453,-0.006998787344728239,0.0051771851591140405,-0.041988727254207256,-0.04171549840445503,-3.0440594218182966
2.1899566650390625,-0.006998787344728239,0.0051771851591140405,-0.041406475642290407,-0.04113324679253818,-3.015529092834371
2.202024459838867,-0.006998787344728239,0.0051771851591140405,-0.04090179630973402,-0.04062856745998179,-2.9907998055391083
2.214162826538086,-0.006998787344728239,0.0051771851591140405,-0.040504883854495584,-0.04023165500474336,-2.971351095232425
2.226231336593628,-0.006998787344728239,0.0051771851591140405,-0.04022261884445748,-0.03994938999470525,-2.9575201097405577
2.238286256790161,-0.006998787344728239,0.0051771851591140405,-0.04005414459154637,-0.03978091574179414,-2.9492648713479133
2.2500109672546387,-0.006998787344728239,0.0051771851591140405,-0.040000000047484906,-0.03972677119773268,-2.9466117886889016
2.2622811794281006,-0.006998787344728239,0.0051771851591140405,-0.04005951471813261,-0.039786285868380386,-2.949528007550639
2.2743752002716064,-0.006998787344728239,0.0051771851591140405,-0.040234103038621044,-0.03996087418886882,-2.9580828352545723
2.2865848541259766,-0.006998787344728239,0.0051771851591140405,-0.04052607687028914,-0.04025284802053691,-2.972389553006309
2.2989284992218018,-0.006998787344728239,0.0051771851591140405,-0.04093769230523367,-0.04066446345548144,-2.9925587093185912
2.311343193054199,-0.006998787344728239,0.0051771851591140405,-0.04146726775080477,-0.04119403890105254,-3.0185079061515747
2.32342791557312,-0.006998787344728239,0.0051771851591140405,-0.042091052694032675,-0.04181782384428045,-3.049073368369742
2.3358867168426514,-0.006998787344728239,0.0051771851591140405,-0.04284214787537117,-0.04256891902561894,-3.085877032255328
2.3481781482696533,-0.006998787344728239,0.0051771851591140405,-0.04368615519933768,-0.043412926349585455,-3.1272333911296877
2.3598086833953857,-0.006998787344728239,0.0051771851591140405,-0.04457442161901419,-0.04430119276926196,-3.1707584456938362
2.372255802154541,-0.006998787344728239,0.0051771851591140405,-0.045616135618057156,-0.04534290676830493,-3.2218024316469416
2.3843650817871094,-0.006998787344728239,0.0051771851591140405,-0.046714019603548984,-0.04644079075379676,-3.2755987469360415
2.396723985671997,-0.006998787344728239,0.0051771851591140405,-0.047913755827019976,-0.04764052697726775,-3.3343858218861198
2.4091012477874756,-0.006998787344728239,0.0051771851591140405,-0.0491882766293886,-0.04891504777963637,-3.3968373412021826
2.4211552143096924,-0.006998787344728239,0.0051771851591140405,-0.05049239134691064,-0.05021916249715841,-3.4607389623607623
2.433192491531372,-0.006998787344728239,0.0051771851591140405,-0.05184910175622796,-0.05157587290647573,-3.527217772417311
2.445077419281006,-0.006998787344728239,0.0051771851591140405,-0.053234396031237904,-0.05296116718148568,-3.5950971918927985
2.4579033851623535,-0.006998787344728239,0.0051771851591140405,-0.05477145015835857,-0.05449822130860634,-3.670412844121711
2.470391273498535,-0.006998787344728239,0.0051771851591140405,-0.056300682946789055,-0.05602745409703683,-3.745345250754805
2.4830281734466553,-0.006998787344728239,0.0051771851591140405,-0.05787129715023921,-0.057598068300486985,-3.8223053467238626
2.494908332824707,-0.006998787344728239,0.0051771851591140405,-0.05936027137034259,-0.05908704252059036,-3.8952650835089284
2.5069291591644287,-0.006998787344728239,0.0051771851591140405,-0.060870468766530794,-0.06059723991677857,-3.9692647559221497
2.519256591796875,-0.006998787344728239,0.0051771851591140405,-0.062413954873313506,-0.06214072602356128,-4.044895575154503
2.5310757160186768,-0.006998787344728239,0.0051771851591140405,-0.06388032375902927,-0.06360709490927705,-4.116747650554576
2.543179750442505,-0.006998787344728239,0.0051771851591140405,-0.06535980507065205,-0.06508657622089982,-4.189242234824091
2.5556750297546387,-0.006998787344728239,0.0051771851591140405,-0.06685450907938953,-0.0665812802296373,-4.262482731252228
2.5689070224761963,-0.006998787344728239,0.0051771851591140405,-0.06839111017767875,-0.06811788132792652,-4.3377761850684
2.580847978591919,-0.006998787344728239,0.0051771851591140405,-0.06972831563800153,-0.0694550867882493,-4.403299252624215
2.5931384563446045,-0.006998787344728239,0.0051771851591140405,-0.07104742531429559,-0.07077419646454336,-4.467935626762625
2.6056623458862305,-0.006998787344728239,0.0051771851591140405,-0.07232380157716761,-0.07205057272741539,-4.530478063643354
2.6184792518615723,-0.006998787344728239,0.0051771851591140405,-0.07355101126631929,-0.07327778241656706,-4.590611338411787
2.630781650543213,-0.006998787344728239,0.0051771851591140405,-0.07464643615891128,-0.07437320730915906,-4.644287158148794
2.642148017883301,-0.006998787344728239,0.0051771851591140405,-0.07558091465436292,-0.0753076858046107,-4.690076604425924
2.6552200317382812,-0.006998787344728239,0.0051771851591140405,-0.07655713727997424,-0.07628390843022201,-4.737911513080879
2.6678290367126465,-0.006998787344728239,0.0051771851591140405,-0.07739307935921173,-0.0771198505094595,-4.778872674963516
2.680432081222534,-0.006998787344728239,0.0051771851591140405,-0.0781195928391155,-0.07784636398936327,-4.8144718354788
2.6925888061523438,-0.006998787344728239,0.0051771851591140405,-0.07871282238073884,-0.07843959353098662,-4.843540083018345
2.7046866416931152,-0.006998787344728239,0.0051771851591140405,-0.07919485044811693,-0.0789216215983647,-4.867159458319871
2.7165613174438477,-0.006998787344728239,0.0051771851591140405,-0.07956019527486921,-0.07928696642511698,-4.885061354830732
2.7289462089538574,-0.006998787344728239,0.0051771851591140405,-0.07982526216893562,-0.0795520333191834,-4.898049632639987
2.741340160369873,-0.006998787344728239,0.0051771851591140405,-0.07997040132395469,-0.07969717247420247,-4.905161451235921
2.753783702850342,-0.006998787344728239,0.0051771851591140405,-0.07999434837515,-0.07972111952539777,-4.9063348567444915
2.765998363494873,-0.006998787344728239,0.0051771851591140405,-0.07989904097789038,-0.07962581212813816,-4.90166479427877
2.779165029525757,-0.006998787344728239,0.0051771851591140405,-0.07966513564140651,-0.07939190679165428,-4.8902034327910595
2.792241096496582,-0.006998787344728239,0.0051771851591140405,-0.07929970789048252,-0.07902647904073029,-4.872297472995784
2.8043243885040283,-0.006998787344728239,0.0051771851591140405,-0.0788462045433925,-0.07857297569364027,-4.8500758089883735
2.81660532951355,-0.006998787344728239,0.0051771851591140405,-0.07827404286256305,-0.07800081401281082,-4.822039886627731
2.8286359310150146,-0.006998787344728239,0.0051771851591140405,-0.0776080681933719,-0.07733483934361968,-4.789407127837364
2.8404369354248047,-0.006998787344728239,0.0051771851591140405,-0.0768570743091144,-0.07658384545936217,-4.752608427508747
2.852752685546875,-0.006998787344728239,0.0051771851591140405,-0.07597460763516399,-0.07570137878541176,-4.709367560485177
2.8647866249084473,-0.006998787344728239,0.0051771851591140405,-0.07501993999360441,-0.07474671114385219,-4.662588846048758
2.8768630027770996,-0.006998787344728239,0.0051771851591140405,-0.0739756284662696,-0.07370239961651737,-4.611417581209352
2.889404773712158,-0.006998787344728239,0.0051771851591140405,-0.07280602361688987,-0.07253279476713764,-4.554106943589745
2.901736259460449,-0.006998787344728239,0.0051771851591140405,-0.07157849381184775,-0.07130526496209552,-4.49395798314268
2.913905620574951,-0.006998787344728239,0.0051771851591140405,-0.07029895919073362,-0.07002573034098139,-4.431260786708089
2.9258828163146973,-0.006998787344728239,0.0051771851591140405,-0.06898082436285614,-0.06870759551310392,-4.366672180142093
2.938023328781128,-0.006998787344728239,0.0051771851591140405,-0.06759286988999641,-0.06731964104024418,-4.298662410971966
2.9506571292877197,-0.006998787344728239,0.0051771851591140405,-0.06610175175006854,-0.06582852290031631,-4.225597622115499
2.962283134460449,-0.006998787344728239,0.0051771851591140405,-0.06469540208353207,-0.06442217323377984,-4.156686488455213
2.9745309352874756,-0.006998787344728239,0.0051771851591140405,-0.06318689433515927,-0.06291366548540704,-4.082769608784945
2.986759901046753,-0.006998787344728239,0.0051771851591140405,-0.06166188149269786,-0.061388652642945636,-4.008043979504336
2.998817205429077,-0.006998787344728239,0.0051771851591140405,-0.06014863298120276,-0.05987540413145053,-3.9338948024410763
3.010816812515259,-0.006998787344728239,0.0051771851591140405,-0.05864176545365505,-0.05836853660390282,-3.860058293591239
3.022059440612793,-0.006998787344728239,0.0051771851591140405,-0.05723679609962147,-0.05696356724986924,-3.7912147952435933
3.034266471862793,-0.006998787344728239,0.0051771851591140405,-0.055727139114102424,-0.0554539102643502,-3.71724160295316
3.0474143028259277,-0.006998787344728239,0.0051771851591140405,-0.05412948730576006,-0.05385625845600783,-3.638956664344384
3.0599007606506348,-0.006998787344728239,0.0051771851591140405,-0.05264910541895723,-0.052375876569205004,-3.5664179518910455
3.0718448162078857,-0.006998787344728239,0.0051771851591140405,-0.051275228095181015,-0.05100199924542879,-3.499097963026011
3.0845084190368652,-0.006998787344728239,0.0051771851591140405,-0.04987239154271801,-0.049599162692965784,-3.430358971955324
3.097791910171509,-0.006998787344728239,0.0051771851591140405,-0.048469902530756635,-0.04819667368100441,-3.361637010369216
3.110387086868286,-0.006998787344728239,0.0051771851591140405,-0.047214078048674474,-0.046940849198922246,-3.3001016107471903
3.1228294372558594,-0.006998787344728239,0.0051771851591140405,-0.046052044693510506,-0.04577881584375828,-3.243161976344156
3.1345367431640625,-0.006998787344728239,0.0051771851591140405,-0.04503634009142088,-0.04476311124166865,-3.193392450841764
3.1475300788879395,-0.006998787344728239,0.0051771851591140405,-0.044004037632801446,-0.04373080878304922,-3.142809630369412
3.1597938537597656,-0.006998787344728239,0.0051771851591140405,-0.04312733629824864,-0.042854107448496416,-3.0998512649763246
3.171804904937744,-0.006998787344728239,0.0051771851591140405,-0.04236572867707902,-0.042092499827326796,-3.062532491539013
3.1842565536499023,-0.006998787344728239,0.0051771851591140405,-0.04168221084041119,-0.04140898199065896,-3.0290401175422894
3.1965878009796143,-0.006998787344728239,0.0051771851591140405,-0.041115734164844826,-0.0408425053150926,-3.0012827604395373
3.2087795734405518,-0.006998787344728239,0.0051771851591140405,-0.040667045843124514,-0.040393816993372286,-2.979297032675242
3.221095561981201,-0.006998787344728239,0.0051771851591140405,-0.040328923405035,-0.040055694555282774,-2.962729033208856
3.2333476543426514,-0.006998787344728239,0.0051771851591140405,-0.040109374060484024,-0.039836145210731796,-2.951971115325858
3.2453367710113525,-0.006998787344728239,0.0051771851591140405,-0.0400085842459256,-0.03973535539617337,-2.9470324144124955
3.257848024368286,-0.006998787344728239,0.0051771851591140405,-0.040024310417676304,-0.039751081567924076,-2.9478029968282797
3.270756244659424,-0.006998787344728239,0.0051771851591140405,-0.04016984065891655,-0.039896611809164324,-2.954933978649052
3.2827301025390625,-0.006998787344728239,0.0051771851591140405,-0.04042142795764174,-0.04014819910788951,-2.967261756286586
3.2947843074798584,-0.006998787344728239,0.0051771851591140405,-0.0407865819499281,-0.04051335310017587,-2.9851543019086177
3.306954860687256,-0.006998787344728239,0.0051771851591140405,-0.04126701465688942,-0.040993785807137195,-3.008695504549723
3.320052146911621,-0.006998787344728239,0.0051771851591140405,-0.041906250042698046,-0.04163302119294582,-3.0400180384543454
3.3318002223968506,-0.006998787344728239,0.0051771851591140405,-0.04258396880228793,-0.0423107399525357,-3.07322625767425
3.3444607257843018,-0.006998787344728239,0.0051771851591140405,-0.04342039272952215,-0.043147163879769926,-3.1142110301087267
3.3566601276397705,-0.006998787344728239,0.0051771851591140405,-0.0443256204581807,-0.04405239160842847,-3.158567188812995
3.368731737136841,-0.006998787344728239,0.0051771851591140405,-0.04531199207447705,-0.045038763224724825,-3.2068993980115166
3.3808698654174805,-0.006998787344728239,0.0051771851591140405,-0.04638894590595197,-0.04611571705619974,-3.259670135753787
3.3934168815612793,-0.006998787344728239,0.0051771851591140405,-0.047585274087669285,-0.04731204523791706,-3.3182902166579358
3.4057745933532715,-0.006998787344728239,0.0051771851591140405,-0.048838971858217194,-0.048565743008464966,-3.379721407414783
3.419710397720337,-0.006998787344728239,0.0051771851591140405,-0.050333051499442914,-0.05005982264969069,-3.452931309834844
3.432563304901123,-0.006998787344728239,0.0051771851591140405,-0.051776963808938,-0.051503734959185775,-3.523683013000103
3.4445300102233887,-0.006998787344728239,0.0051771851591140405,-0.05316970217860757,-0.052896473328855345,-3.591927193113912
3.4565937519073486,-0.006998787344728239,0.0051771851591140405,-0.054612778945330995,-0.05433955009557877,-3.66263795468336
3.469027280807495,-0.006998787344728239,0.0051771851591140405,-0.056132374077582946,-0.05585914522783072,-3.7370981161637054
3.482481002807617,-0.006998787344728239,0.0051771851591140405,-0.05780294095297293,-0.0575297121032207,-3.8189558930578147
3.494472026824951,-0.006998787344728239,0.0051771851591140405,-0.05930547406911629,-0.059032245219364066,-3.8925800157488393
3.506472110748291,-0.006998787344728239,0.0051771851591140405,-0.060813085282740625,-0.0605398564329884,-3.966452965216432
3.5192110538482666,-0.006998787344728239,0.0051771851591140405,-0.062408274142405934,-0.06213504529265371,-4.044617219340031
3.5314106941223145,-0.006998787344728239,0.0051771851591140405,-0.06392160985622024,-0.06364838100646801,-4.118770669316932
3.5443904399871826,-0.006998787344728239,0.0051771851591140405,-0.0655062232924901,-0.06523299444273788,-4.196416727694157
3.5565407276153564,-0.006998787344728239,0.0051771851591140405,-0.06695660537067699,-0.06668337652092476,-4.267485449525314
3.5685954093933105,-0.006998787344728239,0.0051771851591140405,-0.06835554882511445,-0.06808231997536222,-4.336033678792749
3.5806057453155518,-0.006998787344728239,0.0051771851591140405,-0.06970170817653472,-0.06942847932678249,-4.401995487012343
3.5923492908477783,-0.006998787344728239,0.0051771851591140405,-0.07096462235901671,-0.07069139350926448,-4.46387828195396
3.605100393295288,-0.006998787344728239,0.0051771851591140405,-0.07226810706618307,-0.07199487821643084,-4.5277490326051115
3.6172890663146973,-0.006998787344728239,0.0051771851591140405,-0.07344063326843772,-0.0731674044186855,-4.58520281651559
3.629720687866211,-0.006998787344728239,0.0051771851591140405,-0.07455532291786773,-0.0742820940681155,-4.63982260933766
3.6423354148864746,-0.006998787344728239,0.0051771851591140405,-0.07559566829983873,-0.0753224394500865,-4.690799533054239
3.654477596282959,-0.006998787344728239,0.0051771851591140405,-0.07650462325041571,-0.07623139440066348,-4.735338325632511
3.6662943363189697,-0.006998787344728239,0.0051771851591140405,-0.07729706649474305,-0.07702383764499082,-4.774168044604551
3.6788148880004883,-0.006998787344728239,0.0051771851591140405,-0.07803263051560047,-0.07775940166584824,-4.810210681626565
3.691473960876465,-0.006998787344728239,0.0051771851591140405,-0.0786629165626658,-0.07838968771291357,-4.841094697932766
3.7028698921203613,-0.006998787344728239,0.0051771851591140405,-0.07912947624378416,-0.07885624739403194,-4.863956122307565
3.714876890182495,-0.006998787344728239,0.0051771851591140405,-0.0795149546288111,-0.07924172577905887,-4.882844563173885
3.7271201610565186,-0.006998787344728239,0.0051771851591140405,-0.07979369127716987,-0.07952046242741764,-4.896502658943465
3.7391841411590576,-0.006998787344728239,0.0051771851591140405,-0.07995383481186184,-0.07968060596210962,-4.904349692143372
3.7516555786132812,-0.006998787344728239,0.0051771851591140405,-0.07999891792980289,-0.07972568908005066,-4.906558764922483
3.7636494636535645,-0.006998787344728239,0.0051771851591140405,-0.07992649367645582,-0.0796532648267036,-4.903009976508477
3.7762632369995117,-0.006998787344728239,0.0051771851591140405,-0.07972831196518472,-0.07945508311543249,-4.893299072656193
3.788522243499756,-0.006998787344728239,0.0051771851591140405,-0.07941700933560006,-0.07914378048584783,-4.878045243806544
3.8014414310455322,-0.006998787344728239,0.0051771851591140405,-0.07896437702151735,-0.07869114817176512,-4.855866260416491
3.8135592937469482,-0.006998787344728239,0.0051771851591140405,-0.07842624093953911,-0.07815301208978688,-4.829497592399558
3.825629472732544,-0.006998787344728239,0.0051771851591140405,-0.07778407969906187,-0.07751085084930964,-4.798031691616172
3.8379411697387695,-0.006998787344728239,0.0051771851591140405,-0.0770237709991066,-0.07675054214935437,-4.7607765653183645
3.8500475883483887,-0.006998787344728239,0.0051771851591140405,-0.07617682413307195,-0.07590359528331972,-4.719276168882667
3.862421989440918,-0.006998787344728239,0.0051771851591140405,-0.07521448408640424,-0.07494125523665202,-4.67212150659595
3.874835968017578,-0.006998787344728239,0.0051771851591140405,-0.07415670360800156,-0.07388347475824933,-4.620290263154217
3.88733172416687,-0.006998787344728239,0.0051771851591140405,-0.07300503337332212,-0.07273180452356989,-4.563858421654925
3.899108648300171,-0.006998787344728239,0.0051771851591140405,-0.07184613865343514,-0.07157290980368292,-4.507072580380463
3.9116828441619873,-0.006998787344728239,0.0051771851591140405,-0.07053738808822334,-0.07026415923847111,-4.442943802685084
3.924144983291626,-0.006998787344728239,0.0051771851591140405,-0.06917541232057339,-0.06890218347082117,-4.376206990070237
3.9364163875579834,-0.006998787344728239,0.0051771851591140405,-0.06777929565248819,-0.06750606680273596,-4.307797273334063
3.9487297534942627,-0.006998787344728239,0.0051771851591140405,-0.06633195276935357,-0.06605872391960134,-4.236877472060465
3.9617977142333984,-0.006998787344728239,0.0051771851591140405,-0.06475467497170358,-0.06448144612195135,-4.159590859975617
3.9743287563323975,-0.006998787344728239,0.0051771851591140405,-0.06321197369436125,-0.06293874484460903,-4.083998497385842
3.986663579940796,-0.006998787344728239,0.0051771851591140405,-0.06167394339536157,-0.061400714545609344,-4.0086350127348584
3.9993622303009033,-0.006998787344728239,0.0051771851591140405,-0.06008014428956328,-0.05980691543981105,-3.9305388565507418
4.011449098587036,-0.006998787344728239,0.0051771851591140405,-0.05856250440551782,-0.058289275555765595,-3.8561745022325145
4.023621559143066,-0.006998787344728239,0.0051771851591140405,-0.05704251326685619,-0.056769284417103966,-3.7816949364380945
4.03553581237793,-0.006998787344728239,0.0051771851591140405,-0.055571449428095186,-0.05529822057834296,-3.709612808338805
4.047921180725098,-0.006998787344728239,0.0051771851591140405,-0.054068626764647465,-0.05379539791489524,-3.6359744978298667
4.0614094734191895,-0.006998787344728239,0.0051771851591140405,-0.052473118122261735,-0.05219988927250951,-3.557794574352966
4.07433295249939,-0.006998787344728239,0.0051771851591140405,-0.05099495696339545,-0.05072172811364322,-3.485364677568518
4.086284875869751,-0.006998787344728239,0.0051771851591140405,-0.04968052760520503,-0.0494072987554528,-3.4209576390171876
4.098232269287109,-0.006998787344728239,0.0051771851591140405,-0.04842473107862805,-0.04815150222887582,-3.3594236092149155
4.110917568206787,-0.006998787344728239,0.0051771851591140405,-0.04716288851832941,-0.04688965966857718,-3.297593323760282
4.123960256576538,-0.006998787344728239,0.0051771851591140405,-0.04595055466896421,-0.04567732581921198,-3.2381889651413873
4.136691331863403,-0.006998787344728239,0.0051771851591140405,-0.04485807377853159,-0.044584844928779364,-3.184657401510189
4.148766756057739,-0.006998787344728239,0.0051771851591140405,-0.043911236385625954,-0.04363800753587373,-3.138262369257813
4.161347389221191,-0.006998787344728239,0.0051771851591140405,-0.04302332263160409,-0.042750093781851864,-3.0947545953107416
4.173991441726685,-0.006998787344728239,0.0051771851591140405,-0.04223776531116273,-0.041964536461410504,-3.056262286609115
4.185544967651367,-0.006998787344728239,0.0051771851591140405,-0.041617817401303284,-0.041344588551551056,-3.025884839026002
4.198162794113159,-0.006998787344728239,0.0051771851591140405,-0.04105147816687181,-0.04077824931711958,-2.99813421653886
4.210639476776123,-0.006998787344728239,0.0051771851591140405,-0.040608508722350306,-0.04033527987259808,-2.976428713757306
4.22336745262146,-0.006998787344728239,0.0051771851591140405,-0.04027936468136446,-0.040006135831612236,-2.9603006557489997
4.236039876937866,-0.006998787344728239,0.0051771851591140405,-0.04007688821277994,-0.03980365936302771,-2.9503793087883583
4.2480669021606445,-0.006998787344728239,0.0051771851591140405,-0.04000147523792443,-0.039728246388172204,-2.946684073020438
4.260133266448975,-0.006998787344728239,0.0051771851591140405,-0.04004052396632411,-0.039767295116571885,-2.9485974607120227
4.272205829620361,-0.006998787344728239,0.0051771851591140405,-0.0401943520398825,-0.039921123190130275,-2.9561350363163834
4.284154176712036,-0.006998787344728239,0.0051771851591140405,-0.04045875421303549,-0.040185525363283264,-2.96909074280088
4.295544147491455,-0.006998787344728239,0.0051771851591140405,-0.04081331579953061,-0.040540086949778384,-2.986464260539141
4.3077006340026855,-0.006998787344728239,0.0051771851591140405,-0.04130004620030202,-0.04102681735054979,-3.01031405017694
4.320367336273193,-0.006998787344728239,0.0051771851591140405,-0.0419231614625485,-0.04164993261279627,-3.0408466980270177
4.332605838775635,-0.006998787344728239,0.0051771851591140405,-0.042633963198378345,-0.04236073434862612,-3.07567598308268
4.345377445220947,-0.006998787344728239,0.0051771851591140405,-0.043485095276519045,-0.04321186642676682,-3.1173814549115746
4.3571155071258545,-0.006998787344728239,0.0051771851591140405,-0.04436122770662537,-0.044087998856873145,-3.1603119439867844
4.3695900440216064,-0.006998787344728239,0.0051771851591140405,-0.04538541032591038,-0.045112181476158156,-3.21049689233175
4.381856203079224,-0.006998787344728239,0.0051771851591140405,-0.04648002245039568,-0.046206793600643455,-3.2641328864315295
4.394083261489868,-0.006998787344728239,0.0051771851591140405,-0.04765103632329919,-0.04737780747354696,-3.3215125662038014
4.406172752380371,-0.006998787344728239,0.0051771851591140405,-0.04888052538845463,-0.0486072965387024,-3.381757530396418
4.418002128601074,-0.006998787344728239,0.0051771851591140405,-0.05014568593354059,-0.04987245708378836,-3.44375039710563
4.4306275844573975,-0.006998787344728239,0.0051771851591140405,-0.05155583900181587,-0.051282610152063646,-3.512847897451119
4.443550109863281,-0.006998787344728239,0.0051771851591140405,-0.05305409795674201,-0.052780869106989786,-3.5862625862424995
4.455665588378906,-0.006998787344728239,0.0051771851591140405,-0.054500545692797234,-0.054227316843045006,-3.6571385253092057
4.467334032058716,-0.006998787344728239,0.0051771851591140405,-0.055923833487280465,-0.05565060463752824,-3.7268796272388838
4.480067253112793,-0.006998787344728239,0.0051771851591140405,-0.05750172018683197,-0.057228491337079745,-3.804196075516908
4.492421865463257,-0.006998787344728239,0.0051771851591140405,-0.059048063324227656,-0.05877483447447543,-3.879966889249296
4.504878520965576,-0.006998787344728239,0.0051771851591140405,-0.06061295702696947,-0.06033972817721724,-3.956646680683645
4.516978025436401,-0.006998787344728239,0.0051771851591140405,-0.06212947739791395,-0.06185624854816172,-4.030956178859924
4.529480934143066,-0.006998787344728239,0.0051771851591140405,-0.06368353409750994,-0.06341030524775772,-4.107104957140129
4.541589021682739,-0.006998787344728239,0.0051771851591140405,-0.06516695559702115,-0.06489372674726893,-4.179792610616177
4.553606748580933,-0.006998787344728239,0.0051771851591140405,-0.0666097704490473,-0.06633654159929507,-4.250490538365458
4.56535267829895,-0.006998787344728239,0.00517718515911404,-0.06798361211856876,-0.06771038326881654,-4.31780878017201
4.577512979507446,-0.006998787344728239,0.00517718515911404,-0.06936003772267937,-0.06908680887292715,-4.385253634773431
4.589635848999023,-0.006998787344728239,0.00517718515911404,-0.07067787095998715,-0.07040464211023492,-4.449827463401512
4.601881504058838,-0.006998787344728239,0.00517718515911404,-0.07194616050318972,-0.0716729316534375,-4.511973651018438
4.614840984344482,-0.006998787344728239,0.00517718515911404,-0.07321124161551494,-0.07293801276576271,-4.573962625522373
4.627255916595459,-0.006998787344728239,0.00517718515911404,-0.07434116374013072,-0.0740679348903785,-4.6293288096285465
4.639414548873901,-0.006998787344728239,0.00517718515911404,-0.07536326544424575,-0.07509003659449352,-4.679411793130183
4.651656627655029,-0.006998787344728239,0.00517718515911404,-0.07630182509611258,-0.07602859624636035,-4.725401216071658
4.664182901382446,-0.006998787344728239,0.00517718515911404,-0.07716234570816988,-0.07688911685841765,-4.767566726062465
4.6951446533203125,-0.006998787344728239,0.0051771851591140405,-0.07882376507283104,-0.07855053622307881,-4.8489762749308625
4.706689357757568,-0.006998787344728239,0.0051771851591140405,-0.07926401795067234,-0.07899078910092011,-4.870548665945086
4.719063758850098,-0.006998787344728239,0.0051771851591140405,-0.0796233595261995,-0.07935013067644728,-4.888156403145917
4.731493711471558,-0.006998787344728239,0.0051771851591140405,-0.07986494551542755,-0.07959171666567533,-4.899994116618092
4.746103048324585,-0.006998787344728239,0.0051771851591140405,-0.07999400501529297,-0.07972077616554074,-4.906318032111496
4.758384466171265,-0.006998787344728239,0.0051771851591140405,-0.07997225337744136,-0.07969902452768914,-4.905252201856768
4.770545721054077,-0.006998787344728239,0.0051771851591140405,-0.07983358238053491,-0.07956035353078268,-4.898457323008352
4.782613039016724,-0.006998787344728239,0.0051771851591140405,-0.07958157069939414,-0.07930834184964192,-4.886108750632454
4.795287609100342,-0.006998787344728239,0.0051771851591140405,-0.0791957590558804,-0.07892253020612817,-4.867203980100281
4.807790279388428,-0.006998787344728239,0.0051771851591140405,-0.07869595559765535,-0.07842272674790313,-4.8427136106472535
4.8208088874816895,-0.006998787344728239,0.0051771851591140405,-0.07805302798533505,-0.07777979913558282,-4.811210157643559
4.832954168319702,-0.006998787344728239,0.0051771851591140405,-0.07734428254095882,-0.07707105369120659,-4.776481630869124
4.8449602127075195,-0.006998787344728239,0.0051771851591140405,-0.0765444212835186,-0.07627119243376637,-4.737288429254553
4.8575499057769775,-0.006998787344728239,0.0051771851591140405,-0.07560468626713752,-0.0753314574173853,-4.69124141345188
4.869469404220581,-0.006998787344728239,0.0051771851591140405,-0.07462493473876367,-0.07435170588901144,-4.643233588561561
4.881667137145996,-0.006998787344728239,0.0051771851591140405,-0.07353747587393242,-0.07326424702418019,-4.589948104184829
4.894268274307251,-0.006998787344728239,0.0051771851591140405,-0.07233066709320449,-0.07205743824345226,-4.530814473929161
4.906894683837891,-0.006998787344728239,0.0051771851591140405,-0.07104395353992149,-0.07077072469016926,-4.467765509818294
4.9188807010650635,-0.006998787344728239,0.0051771851591140405,-0.06975809133011336,-0.06948486248036113,-4.404758261537696
4.930269002914429,-0.006998787344728239,0.0051771851591140405,-0.06848498699629062,-0.06821175814653839,-4.342376149180382
4.942439317703247,-0.006998787344728239,0.0051771851591140405,-0.0670766296482974,-0.06680340079854517,-4.273366639128714
4.955065011978149,-0.006998787344728239,0.0051771851591140405,-0.06557197639590305,-0.06529874754615082,-4.199638629761391
4.967257738113403,-0.006998787344728239,0.0051771851591140405,-0.0640855521926064,-0.06381232334285417,-4.126803843799854
4.979008436203003,-0.006998787344728239,0.0051771851591140405,-0.06263023626860813,-0.0623570074188559,-4.05549336352394
4.9912519454956055,-0.006998787344728239,0.0051771851591140405,-0.06109875948936151,-0.060825530639609285,-3.9804510013408554
5.003425598144531,-0.006998787344728239,0.0051771851591140405,-0.059569559878071915,-0.05929633102831969,-3.9055202203876647
5.015956163406372,-0.006998787344728239,0.0051771851591140405,-0.05799824663468908,-0.057725017784936855,-3.828525871461906
5.028090476989746,-0.006998787344728239,0.0051771851591140405,-0.056488345211355824,-0.0562151163616036,-3.7545407017185766
5.039502143859863,-0.006998787344728239,0.0051771851591140405,-0.055086823425893,-0.054813594576140774,-3.6858661342308983
5.051536798477173,-0.006998787344728239,0.0051771851591140405,-0.05363628324924084,-0.053363054399488616,-3.6147896655749427
5.063830614089966,-0.006998787344728239,0.0051771851591140405,-0.052192118835991105,-0.05191888998623888,-3.5440256093257054
5.07622766494751,-0.006998787344728239,0.0051771851591140405,-0.05078300330824538,-0.050509774458493154,-3.474978948466165
5.0880208015441895,-0.006998787344728239,0.0051771851591140405,-0.04949428299165283,-0.0492210541419006,-3.41183165295313
5.1001296043396,-0.006998787344728239,0.0051771851591140405,-0.04823112274823643,-0.047957893898484205,-3.3499368010257267
5.112387657165527,-0.006998787344728239,0.0051771851591140405,-0.04702177723646232,-0.046748548386710095,-3.290678870948795
5.1244916915893555,-0.006998787344728239,0.0051771851591140405,-0.045903103521963515,-0.04562987467221129,-3.2358638589383535
5.136105298995972,-0.006998787344728239,0.0051771851591140405,-0.044906287572707815,-0.04463305872295559,-3.187019877424824
5.148305416107178,-0.006998787344728239,0.0051771851591140405,-0.043945742408617046,-0.04367251355886482,-3.139953164384376
5.160653114318848,-0.006998787344728239,0.0051771851591140405,-0.04306960700964381,-0.04279637815989158,-3.0970225298346876
5.172763109207153,-0.006998787344728239,0.0051771851591140405,-0.04230924026457224,-0.04203601141482001,-3.0597645593261804
5.1847639083862305,-0.006998787344728239,0.0051771851591140405,-0.041656710319231904,-0.04138348146947968,-3.027790592004504
5.197079658508301,-0.006998787344728239,0.0051771851591140405,-0.041095468654891346,-0.04082223980513912,-3.000289750451817
5.209344863891602,-0.006998787344728239,0.0051771851591140405,-0.04064897468911647,-0.04037574583936424,-2.9784115461288483
5.2213592529296875,-0.006998787344728239,0.0051771851591140405,-0.040322965471329124,-0.0400497366215769,-2.962437094457268
5.233205795288086,-0.006998787344728239,0.0051771851591140405,-0.0401112437464054,-0.03983801489665317,-2.9520627299360056
5.2444939613342285,-0.006998787344728239,0.0051771851591140405,-0.04001196726573537,-0.03973873841598314,-2.947198182383174
5.2564942836761475,-0.006998787344728239,0.0051771851591140405,-0.040016647996908836,-0.03974341914715661,-2.9474275382106736
5.268569469451904,-0.006998787344728239,0.0051771851591140405,-0.04013597716921919,-0.03986274831946696,-2.9532746676538815
5.281442642211914,-0.006998787344728239,0.0051771851591140405,-0.04038903153283043,-0.040115802683078204,-2.965674331470832
5.293481826782227,-0.006998787344728239,0.0051771851591140405,-0.040741775155376,-0.04046854630562377,-2.982958768975565
5.306084156036377,-0.006998787344728239,0.0051771851591140405,-0.0412289701941969,-0.04095574134444467,-3.006831325877789
5.317603349685669,-0.006998787344728239,0.0051771851591140405,-0.04177728277237054,-0.041504053922618314,-3.033698642208298
5.329463720321655,-0.006998787344728239,0.0051771851591140405,-0.04244150014506255,-0.042168271295310325,-3.0662452934702062
5.34147310256958,-0.006998787344728239,0.0051771851591140405,-0.04321335325948547,-0.042940124409733244,-3.104066096076929
5.353810787200928,-0.006998787344728239,0.0051771851591140405,-0.04410574838351841,-0.043832519533766184,-3.147793457154543
5.3661229610443115,-0.006998787344728239,0.0051771851591140405,-0.045091472585517545,-0.04481824373576532,-3.196093943052501
5.378057479858398,-0.006998787344728239,0.0051771851591140405,-0.04613213767558391,-0.045858908825831685,-3.2470865324657527
5.390197038650513,-0.006998787344728239,0.0051771851591140405,-0.04727060834572291,-0.04699737949597068,-3.3028715953025634
5.4027464389801025,-0.006998787344728239,0.0051771851591140405,-0.048525245552207594,-0.048252016702455366,-3.364348818420313
5.417308330535889,-0.006998787344728239,0.0051771851591140405,-0.05006991205453638,-0.04979668320478415,-3.4400374770344238
5.432282209396362,-0.006998787344728239,0.0051771851591140405,-0.051744776915455676,-0.05147154806570345,-3.5221058552194693
5.4442338943481445,-0.006998787344728239,0.0051771851591140405,-0.05313474026422987,-0.05286151141447764,-3.5902140593094045
5.45677638053894,-0.006998787344728239,0.0051771851591140405,-0.05463488403677401,-0.05436165518702178,-3.663721104164068
5.473902940750122,-0.006998787344728239,0.0051771851591140405,-0.056735222865860226,-0.056461994016108,-3.766637706789292
5.486760377883911,-0.006998787344728239,0.0051771851591140405,-0.05833817822120929,-0.058064949371457064,-3.8451825192013964
5.4994707107543945,-0.006998787344728239,0.0051771851591140405,-0.059933487674377194,-0.059660258824624966,-3.923352682406624
5.51212215423584,-0.006998787344728239,0.0051771851591140405,-0.061521842407428175,-0.06124861355767595,-4.001182064326121
5.5312464237213135,-0.006998787344728239,0.0051771851591140405,-0.06390136566616067,-0.06362813681640844,-4.117778704004014
5.543130159378052,-0.006998787344728239,0.0051771851591140405,-0.06535380096262858,-0.06508057211287635,-4.1889480335309415
5.556799411773682,-0.006998787344728239,0.0051771851591140405,-0.06698707354755012,-0.0667138446977979,-4.268978390192098
5.570009231567383,-0.006998787344728239,0.0051771851591140405,-0.06851663548238272,-0.0682434066326305,-4.343926924998895
5.582876682281494,-0.006998787344728239,0.0051771851591140405,-0.06995026250275686,-0.06967703365300464,-4.414174648997228
5.59630012512207,-0.006998787344728239,0.0051771851591140405,-0.07137641818808166,-0.07110318933832943,-4.4840562775781425
5.609342336654663,-0.006998787344728239,0.0051771851591140405,-0.0726846925196821,-0.07241146366992987,-4.548161719826564
5.622038125991821,-0.006998787344728239,0.0051771851591140405,-0.07387651675719308,-0.07360328790744085,-4.606561107464602
5.634512901306152,-0.006998787344728239,0.0051771851591140405,-0.07496167188006014,-0.07468844303030792,-4.6597337084850885
5.6468071937561035,-0.006998787344728239,0.0051771851591140405,-0.0759412688586402,-0.07566804000888798,-4.707733960435512
5.659783124923706,-0.006998787344728239,0.0051771851591140405,-0.07687193977433271,-0.07659871092458048,-4.753336835304443
5.6719746589660645,-0.006998787344728239,0.0051771851591140405,-0.07764432537271966,-0.07737109652296743,-4.791183729625405
5.68466329574585,-0.006998787344728239,0.0051771851591140405,-0.07833824752592436,-0.07806501867617213,-4.825185915132435
5.69922399520874,-0.006998787344728239,0.0051771851591140405,-0.07899077035933641,-0.07871754150958418,-4.857159533969625
5.7119057178497314,-0.006998787344728239,0.0051771851591140405,-0.07942982924540075,-0.07915660039564852,-4.878673419386778
5.725360155105591,-0.006998787344728239,0.0051771851591140405,-0.07976079620577116,-0.07948756735601893,-4.894890800444928
5.737883806228638,-0.006998787344728239,0.0051771851591140405,-0.07994207281818089,-0.07966884396842866,-4.903773354453005
5.750110149383545,-0.006998787344728239,0.0051771851591140405,-0.07999999521012852,-0.07972676636037629,-4.906611551658439
5.7622411251068115,-0.006998787344728239,0.0051771851591140405,-0.07994087266500996,-0.07966764381525773,-4.903714546947629
5.774209022521973,-0.006998787344728239,0.0051771851591140405,-0.07976907193618511,-0.07949584308643289,-4.895296311235212
5.786783695220947,-0.006998787344728239,0.0051771851591140405,-0.07946821461065817,-0.07919498576090594,-4.880554302284391
5.80082893371582,-0.006998787344728239,0.0051771851591140405,-0.07898868314329605,-0.07871545429354382,-4.857057260383648
5.813036680221558,-0.006998787344728239,0.0051771851591140405,-0.07845167700705066,-0.07817844815729844,-4.830743959707624
5.825925588607788,-0.006998787344728239,0.0051771851591140405,-0.07776702447926503,-0.07749379562951281,-4.797195985846129
5.839330196380615,-0.006998787344728239,0.0051771851591140405,-0.07693150937832344,-0.07665828052857121,-4.756255745899989
5.8516740798950195,-0.006998787344728239,0.0051771851591140405,-0.0760557940589626,-0.07578256520921037,-4.713345695251308
5.864020347595215,-0.006998787344728239,0.0051771851591140405,-0.07508334863172117,-0.07481011978196894,-4.665695869316479
5.876307725906372,-0.006998787344728239,0.0051771851591140405,-0.07402545807624406,-0.07375222922649183,-4.6138592320981
5.888740539550781,-0.006998787344728239,0.0051771851591140405,-0.07287002730526045,-0.07259679845550822,-4.557243124319903
5.900125741958618,-0.006998787344728239,0.0051771851591140405,-0.07174291793848782,-0.07146968908873559,-4.5020147653480445
5.912439584732056,-0.006998787344728239,0.0051771851591140405,-0.07045644379091263,-0.07018321494116041,-4.43897753211686
5.924450397491455,-0.006998787344728239,0.0051771851591140405,-0.06914129317844384,-0.06886806432869161,-4.374535152105889
5.936580419540405,-0.006998787344728239,0.0051771851591140405,-0.06776030186649735,-0.06748707301674513,-4.306866577820512
5.948846817016602,-0.006998787344728239,0.0051771851591140405,-0.06631799713791679,-0.06604476828816457,-4.236193646120064
5.962077856063843,-0.006998787344728239,0.0051771851591140405,-0.06472047323947143,-0.0644472443897192,-4.157914975096242
5.97489070892334,-0.006998787344728239,0.0051771851591140405,-0.06314225339644433,-0.0628690245466921,-4.080582202787913
5.987330436706543,-0.006998787344728239,0.0051771851591140405,-0.06159042328654842,-0.061317194436796195,-4.004542527403014
5.999994993209839,-0.006998787344728239,0.0051771851591140405,-0.060000629171807485,-0.05972740032205526,-3.926642615780708
6.0119194984436035,-0.006998787344728239,0.0051771851591140405,-0.05850355146473733,-0.058230322614985106,-3.8532858081342702
6.024521589279175,-0.006998787344728239,0.0051771851591140405,-0.05693070344596146,-0.056657474596209234,-3.7762162552142526
6.036836385726929,-0.006998787344728239,0.0051771851591140405,-0.05541222116895641,-0.05513899231920418,-3.701810623641005
6.049038410186768,-0.006998787344728239,0.0051771851591140405,-0.05393469497520227,-0.053661466125450044,-3.629411840147052
6.0634472370147705,-0.006998787344728239,0.0051771851591140405,-0.05223649511453714,-0.05196326626478491,-3.5462000469744606
6.076653480529785,-0.006998787344728239,0.0051771851591140405,-0.05073554778542125,-0.05046231893566902,-3.472653627847782
6.089568138122559,-0.006998787344728239,0.0051771851591140405,-0.04932932463618568,-0.049056095786433454,-3.4037486935352392
6.1037187576293945,-0.006998787344728239,0.0051771851591140405,-0.0478694741907533,-0.04759624534100107,-3.3322160217090526
6.116576671600342,-0.006998787344728239,0.0051771851591140405,-0.04662579432108352,-0.04635256547133129,-3.2712757080952333
6.128637313842773,-0.006998787344728239,0.0051771851591140405,-0.04553838238690068,-0.04526515353714845,-3.2179925233202744
6.140867233276367,-0.006998787344728239,0.0051771851591140405,-0.04452049795881846,-0.044247269109066234,-3.1681161863442457
6.153453826904297,-0.006998787344728239,0.0051771851591140405,-0.04356837896901497,-0.04329515011926274,-3.1214623558438745
6.165906190872192,-0.006998787344728239,0.0051771851591140405,-0.042727471570303516,-0.04245424272055129,-3.0802578933070133
6.178076982498169,-0.006998787344728239,0.0051771851591140405,-0.04200766845624626,-0.041734439606494034,-3.044987540718208
6.190716981887817,-0.006998787344728239,0.0051771851591140405,-0.04137149157932629,-0.041098262729574064,-3.0138148737491295
6.203554391860962,-0.006998787344728239,0.0051771851591140405,-0.04084559949634578,-0.04057237064659355,-2.9880461616830845
6.2155327796936035,-0.006998787344728239,0.0051771851591140405,-0.04046716922714069,-0.040193940377388465,-2.969503078492035
6.228116273880005,-0.006998787344728239,0.0051771851591140405,-0.040188763462690444,-0.03991553461293822,-2.9558611960339727
6.240325689315796,-0.006998787344728239,0.0051771851591140405,-0.04003693737863959,-0.03976370852888736,-2.9484217179154806
6.252657413482666,-0.006998787344728239,0.0051771851591140405,-0.04000278784044989,-0.03972955899069766,-2.9467483905441854
6.264978647232056,-0.006998787344728239,0.0051771851591140405,-0.04008850836931693,-0.039815279519564706,-2.9509486964586706
6.278282403945923,-0.006998787344728239,0.0051771851591140405,-0.04031495551043058,-0.04004172666067835,-2.9620446063732393
6.290236234664917,-0.006998787344728239,0.0051771851591140405,-0.04063574075290291,-0.04036251190315068,-2.9777630832543838
6.302743434906006,-0.006998787344728239,0.0051771851591140405,-0.04108822388924343,-0.0408149950394912,-2.999934756935069
6.314831972122192,-0.006998787344728239,0.0051771851591140405,-0.0416365319372116,-0.04136330308745937,-3.0268018512855095
6.326778888702393,-0.006998787344728239,0.0051771851591140405,-0.04228246633133665,-0.04200923748158442,-3.0584526365976368
6.338955402374268,-0.006998787344728239,0.0051771851591140405,-0.043043468798551275,-0.04277023994879905,-3.0957417574911537
6.350944519042969,-0.006998787344728239,0.0051771851591140405,-0.0438897099007029,-0.04361648105095067,-3.1372075714965835
6.362940549850464,-0.006998787344728239,0.0051771851591140405,-0.04482789308123791,-0.044554664231485686,-3.183178547342799
6.375157833099365,-0.006998787344728239,0.0051771851591140405,-0.04587189600775421,-0.04559866715800198,-3.2343346907420973
6.387836694717407,-0.006998787344728239,0.0051771851591140405,-0.04704324108392824,-0.04677001223417601,-3.291730599474625
6.3999834060668945,-0.006998787344728239,0.0051771851591140405,-0.048242608011209394,-0.04796937916145717,-3.350499578911401
6.412303686141968,-0.006998787344728239,0.0051771851591140405,-0.04952900243111256,-0.04925577358136033,-3.4135329054866563
6.42741060256958,-0.006998787344728239,0.0051771851591140405,-0.0511911295385083,-0.050917900688756075,-3.494977133749048
6.440345287322998,-0.006998787344728239,0.0051771851591140405,-0.05267786932181706,-0.052404640472064834,-3.567827383131177
6.4524242877960205,-0.006998787344728239,0.0051771851591140405,-0.05411010048243356,-0.05383687163268133,-3.6380067100013855
6.46500825881958,-0.006998787344728239,0.0051771851591140405,-0.05563814801741924,-0.05536491916766701,-3.7128810392156835
6.47612452507019,-0.006998787344728239,0.0051771851591140405,-0.05701095983677635,-0.05673773098702412,-3.7801488183641823
6.488603591918945,-0.006998787344728239,0.0051771851591140405,-0.058569108643565224,-0.058295879793812996,-3.856498109896837
6.500686883926392,-0.006998787344728239,0.0051771851591140405,-0.060086316111921986,-0.05981308726216976,-3.9308412758463187
6.513383626937866,-0.006998787344728239,0.0051771851591140405,-0.06167985469831015,-0.061406625848557925,-4.008924666579339
6.526405334472656,-0.006998787344728239,0.0051771851591140405,-0.06330299037023908,-0.06302976152048685,-4.088458314503856
6.5387067794799805,-0.006998787344728239,0.0051771851591140405,-0.0648162299749521,-0.06454300112519987,-4.162607055134794
6.551236391067505,-0.006998787344728239,0.0051771851591140405,-0.0663279170729207,-0.06605468822316847,-4.236679722935255
6.563374996185303,-0.006998787344728239,0.0051771851591140405,-0.06775513788569829,-0.06748190903594606,-4.306613542761357
6.575432538986206,-0.006998787344728239,0.0051771851591140405,-0.0691282065747848,-0.06885497772503257,-4.373893908526596
6.58834981918335,-0.006998787344728239,0.0051771851591140405,-0.07054087655314543,-0.07026764770339321,-4.443114737466267
6.6008031368255615,-0.006998787344728239,0.0051771851591140405,-0.07183720518333907,-0.07156397633358684,-4.506634840345756
6.613333463668823,-0.006998787344728239,0.0051771851591140405,-0.07306842447819632,-0.0727951956284441,-4.566964585793761
6.6264190673828125,-0.006998787344728239,0.0051771851591140405,-0.07426766681383629,-0.07399443796408406,-4.625727460240119
6.639129877090454,-0.006998787344728239,0.0051771851591140405,-0.07534033713132414,-0.07506710828157191,-4.6782883057970235
6.651533603668213,-0.006998787344728239,0.0051771851591140405,-0.07629286394771612,-0.07601963509796389,-4.724962119800232
6.664211750030518,-0.006998787344728239,0.0051771851591140405,-0.07716420681304587,-0.07689097796329364,-4.767657920201389
6.675884485244751,-0.006998787344728239,0.0051771851591140405,-0.07787031503869928,-0.07759708618894705,-4.802257223258406
6.6879284381866455,-0.006998787344728239,0.0051771851591140405,-0.07849812701846372,-0.07822489816871149,-4.833020010266863
6.700123071670532,-0.006998787344728239,0.0051771851591140405,-0.079025903784721,-0.07875267493496878,-4.858881071813471
6.712143182754517,-0.006998787344728239,0.0051771851591140405,-0.07943688209076202,-0.0791636532410098,-4.879019008809481
6.7247278690338135,-0.006998787344728239,0.0051771851591140405,-0.07974838835143783,-0.0794751595016856,-4.894282815582595
6.737501382827759,-0.006998787344728239,0.0051771851591140405,-0.07993836030784598,-0.07966513145809376,-4.903591441446594
